"NBa7we src","d4r55","RfnDt","eaLgGf","fontBodyLarge","xRkPPb","qmhsmd","ARRgmb src","wiI7pd","w8nwRe","fontBodySmall","fontBodySmall 2","kyuRq","dSlJg","dSlJg 2","NlVald","fontTitleSmall","DZSIDd","wiI7pd 2","NlVald 2","w8nwRe 2","fontBodySmall 3","fontBodySmall 4","kyuRq 2"
"https://lh3.googleusercontent.com/a-/ALV-UjXErIvtM9FgTN8flKN5Mc88K5QsmotlXfqHXlF5YvL1yWzUzDpy=w50-h50-p-rp-mo-ba12-br100","Zhui Ri","Local Guide · 240 bài đánh giá · 202 ảnh","","1/5","3 năm trước trên","Google","https://www.gstatic.com/images/branding/product/1x/googleg_48dp.png","Vị trí có vẻ tuyệt vời, nhưng không thuận tiện cho việc đi bộ; bạn sẽ cần phải có người đưa đón hoặc phương tiện cá nhân trừ khi bạn cảm thấy thoải mái khi đi bộ băng qua con đường gần như là đường cao tốc để đến khu mua sắm. Phòng chúng …","Xem thêm","Bản dịch của Google","・","Xem bản gốc (Tiếng Anh)","","","Chia sẻ","","","","","","","",""
"https://lh3.googleusercontent.com/a/ACg8ocLgBjA2cuPx0TxLPFCSyEuPq8qfuws31gRVAeg4qTwAbd8nag=w50-h50-p-rp-mo-br100","ĐẠI DƯƠNG","3 bài đánh giá · 1 ảnh","","1/5","2 năm trước trên","Google","https://www.gstatic.com/images/branding/product/1x/googleg_48dp.png","","","","","","","","","Thông tin phản hồi từ chủ sở hữu","2 năm trước","Anh/ Chi ơi, mình đánh giá nhầm trang M Luxury Apartment sẽ ảnh hưởng đến trang doanh nghiệp của bên em ạ. Trong toà có trên 20 host cho thuê nên nhờ anh kiểm tra lại.","","","","",""
"https://lh3.googleusercontent.com/a-/ALV-UjXWMjPLiRTFeyhuSI6GTPH_oSvaBCCXjstfX2r-ZXrmt1e5skYJ=w50-h50-p-rp-mo-ba12-br100","THE LAM LAW","Local Guide · 21 bài đánh giá · 113 ảnh","","3/5","2 năm trước trên","Google","https://www.gstatic.com/images/branding/product/1x/googleg_48dp.png","Tòa nhà dễ tiếp cận nhưng có vẻ thiếu lễ tân sảnh để phục vụ tiện ích cho khách thăm","","","","","","","Chia sẻ","","","","Thích","","","",""
"https://lh3.googleusercontent.com/a-/ALV-UjUSFXFHCQHef0vaCNYyx3v6CNcSkLBBI4_ZhdsOOyQtT_yhdw=w50-h50-p-rp-mo-ba12-br100","HyeongJune Kim","Local Guide · 244 bài đánh giá · 734 ảnh","","3/5","2 năm trước trên","Google","https://www.gstatic.com/images/branding/product/1x/googleg_48dp.png","Tôi đặt phòng qua Airbnb, nhưng

đó là một chỗ ở kiểu cũ, trông cổ hơn nhiều so với ảnh. …","Xem thêm","Bản dịch của Google","・","Xem bản gốc (Tiếng Hàn)","","","Chia sẻ","Thông tin phản hồi từ chủ sở hữu","2 năm trước","Chào Hyeong June Kim,

Cảm ơn bạn đã đánh giá, tuy nhiên tên căn hộ của tôi hiển thị trên Airbnb là M …","","Xem thêm","Bản dịch của Google","・","Xem bản gốc (Tiếng Anh)"
"https://lh3.googleusercontent.com/a/ACg8ocL-c0dQNIlgN8MkrBTuXdMlkQ6m3_7ovszFA2Vg3EnNYod6Rg=w50-h50-p-rp-mo-br100","Nancy Lebrun","5 bài đánh giá","","3/5","3 tháng trước trên","Google","https://www.gstatic.com/images/branding/product/1x/googleg_48dp.png","Phòng của chúng tôi cũ kỹ và rất bẩn. May mắn là bể bơi khá ổn, nếu không thì tôi đã không quay lại đây nữa. Đừng phí tiền ở đây.","Xem thêm","Bản dịch của Google","・","Xem bản gốc (Tiếng Pháp)","","","Chia sẻ","Thông tin phản hồi từ chủ sở hữu","3 tháng trước","Chào Nancy,

Tôi đã kiểm tra đặt phòng của mình trong 2 tháng qua và tôi muốn thông báo với …","Thích","Xem thêm","Bản dịch của Google","・","Xem bản gốc (Tiếng Anh)"
"https://lh3.googleusercontent.com/a/ACg8ocLapan7mawBSluEYqKlOoNAPr2ENL5PJE64LlUgUONrN7M8Pg=w50-h50-p-rp-mo-br100","Greg Cha","4 bài đánh giá","","3/5","2 năm trước trên","Google","https://www.gstatic.com/images/branding/product/1x/googleg_48dp.png","Về mặt tích cực, căn hộ nằm ở vị trí thuận tiện để đi đến trung tâm thành phố. Ngoại thất, an ninh và sự sạch sẽ (các tiện ích chung như hành lang và sảnh) được bảo trì tốt. Về mặt tiêu cực, thiếu các tiện nghi như nhà hàng và quán cà phê …","Xem thêm","Bản dịch của Google","・","Xem bản gốc (Tiếng Hàn)","","","Chia sẻ","","","","","","","",""
"https://lh3.googleusercontent.com/a-/ALV-UjXolaJakjWaD3Td0yJZahU9u_ptC8LloG8_X920HTyWf67wVgp0Hw=w50-h50-p-rp-mo-ba12-br100","Mah Abdul “Kalla”","Local Guide · 10 bài đánh giá · 16 ảnh","","3/5","3 năm trước trên","Google","https://www.gstatic.com/images/branding/product/1x/googleg_48dp.png","😶‍🌫️ …","","","","","","","Chia sẻ","","","","","","","",""
"https://lh3.googleusercontent.com/a/ACg8ocIFLBvqmrgRRfSsS0bLR6V0M-L6sDQf7-A9IU2vmCXqz5-b8Bw=w50-h50-p-rp-mo-ba12-br100","Nolan Hoang","Local Guide · 262 bài đánh giá · 463 ảnh","","3/5","một năm trước trên","Google","https://www.gstatic.com/images/branding/product/1x/googleg_48dp.png","Tòa nhà rất cũ","Xem thêm","Bản dịch của Google","・","Xem bản gốc (Tiếng Anh)","","","Chia sẻ","Thông tin phản hồi từ chủ sở hữu","11 tháng trước","toà nhà với màu sơn đặt trưng và thiết kế theo phong cách cổ điển tạo cảm giác cũ kỹ nhưng phòng óc đã được nâng cấp thay mới ạ
Have a nice day","Thích","","","",""
"https://lh3.googleusercontent.com/a/ACg8ocK4xJM5gdbxM7T9wG87UZwfXVpLbs-JbgZuVIj-CGilpEpUzQ=w50-h50-p-rp-mo-br100","Lành Trần Văn","","","3/5","3 năm trước trên","Google","https://www.gstatic.com/images/branding/product/1x/googleg_48dp.png","","","","","","","","","","","","","","","",""
"https://lh3.googleusercontent.com/a-/ALV-UjVi01JKw4rzIvH7HnVFbgImP4YlG0E_6U23_NidPOQ1ut1-4ZvO=w50-h50-p-rp-mo-ba12-br100","VANNAM BOOKING","Local Guide · 417 bài đánh giá · 5.022 ảnh","","4/5","5 năm trước trên","Google","https://www.gstatic.com/images/branding/product/1x/googleg_48dp.png","Chung cư tuy cũ nhưng được bảo dưỡng khá sạch sẽ, mang phong cách 1 khách sạn cổ điển Châu Âu, có cảm giác đang đi ở khách sạn nhiều hơn cảm giác 1 căn hộ gia đình","","","","","","","Chia sẻ","","","","","","","",""
"https://lh3.googleusercontent.com/a-/ALV-UjXJ-nkWVhwFc6ybpzospITjAs049n3HNtX3B87OHr5N3kUohi6WCw=w50-h50-p-rp-mo-ba12-br100","Chi N Nguyen","Local Guide · 420 bài đánh giá · 815 ảnh","","4/5","2 năm trước trên","Google","https://www.gstatic.com/images/branding/product/1x/googleg_48dp.png","tiện nghi khá ổn, ở thoải mái nhưng hơi phiền vì khá xa các trung tâm thương mại, dịch vụ","","","","","","","Chia sẻ","","","","Thích","","","",""
"https://lh3.googleusercontent.com/a-/ALV-UjX5GjRVqq9eAeRocVLOZArWR8vxIuASfop34RQoMCy1DYVNcS6H=w50-h50-p-rp-mo-ba12-br100","Lê Tuấn Nguyễn","Local Guide · 41 bài đánh giá · 130 ảnh","","4/5","2 năm trước trên","Google","https://www.gstatic.com/images/branding/product/1x/googleg_48dp.png","Chung cư xây lâu, khá cao cấp","","","","","","","Chia sẻ","","","","","","","",""
"https://lh3.googleusercontent.com/a-/ALV-UjUTBPJt1CwxDejCpvLDQFyldsUIEgYqrewD9UatCD8ikmffZKjM=w50-h50-p-rp-mo-ba12-br100","Hcm Hutech","Local Guide · 231 bài đánh giá · 792 ảnh","","4/5","4 năm trước trên","Google","https://www.gstatic.com/images/branding/product/1x/googleg_48dp.png","Vị trí thuận lợi, kiến trúc đẹp","","","","","","","Chia sẻ","","","","Thích","","","",""
"https://lh3.googleusercontent.com/a-/ALV-UjVLhyh82xVWLtxadCjKlqkQeP2OuUtllpsVA6V_pCe95bqk6LJAzw=w50-h50-p-rp-mo-ba12-br100","VANNHA NGUYEN","Local Guide · 4 bài đánh giá · 5 ảnh","","4/5","4 năm trước trên","Google","https://www.gstatic.com/images/branding/product/1x/googleg_48dp.png","Tôi không thích Đăng ảnh của tôi","","","","","","","Chia sẻ","","","","Thích","","","",""
"https://lh3.googleusercontent.com/local-reviews/AJMZ0QeCck1CfANpZm9bBk3PHtP97Kh9k25HZfvq9yAWlN3BaIyjSHUPEfWkhAJmuYiJsH-_6g=w50-h50-p-rp-br100","Trip.com Member","","","4/5","4 tháng trước trên","Trip.com","https://www.gstatic.com/travel-hotels/branding/b8089cb0-34b4-458c-8749-9bc4614baba4.png","Vị trí chỗ ở khá tốt. Trung tâm Quận 1 và các địa danh cách đó khoảng 10 phút. Tòa nhà hơi cũ, nhưng bên trong sạch sẽ. Tôi có thể liên hệ với quản lý ngay lập tức. Có một cửa hàng tiện lợi ở tầng một. Tôi dự định sẽ ở lại đây lần nữa vào lần sau. Nhược điểm duy nhất là nội thất không được dọn dẹp trong suốt 3 đêm tôi ở đó.","","Bản dịch của Google","・","Xem bản gốc (Tiếng Hàn)","","","","","","","","","","",""
"https://lh3.googleusercontent.com/local-reviews/AJMZ0QeCck1CfANpZm9bBk3PHtP97Kh9k25HZfvq9yAWlN3BaIyjSHUPEfWkhAJmuYiJsH-_6g=w50-h50-p-rp-br100","Trip.com Member","","","4/5","8 tháng trước trên","Trip.com","https://www.gstatic.com/travel-hotels/branding/b8089cb0-34b4-458c-8749-9bc4614baba4.png","Vị trí an toàn và giá cả hợp lý. Trước khi đặt phòng, tôi thấy các đánh giá trực tuyến đề cập đến dịch vụ giặt ủi miễn phí, nhưng dịch vụ này không có sẵn trong phòng, và bạn sẽ không tìm thấy nó ngoài giờ sáng sớm. Tuy nhiên, có một cửa …","","Bản dịch của Google","・","Xem bản gốc (Tiếng Trung)","","","","","","","","","","",""
"https://lh3.googleusercontent.com/local-reviews/AJMZ0QeCck1CfANpZm9bBk3PHtP97Kh9k25HZfvq9yAWlN3BaIyjSHUPEfWkhAJmuYiJsH-_6g=w50-h50-p-rp-br100","Trip.com Member","","","4/5","9 tháng trước trên","Trip.com","https://www.gstatic.com/travel-hotels/branding/b8089cb0-34b4-458c-8749-9bc4614baba4.png","Nhìn chung, tôi khá hài lòng khi ở khách sạn này. Nó đáp ứng đúng những gì bạn cần. Như đã nêu trong mô tả, phòng không có cửa sổ và không quá rộng rãi, nhưng rất sạch sẽ, đầy đủ tiện nghi, được thiết kế chu đáo và trang nhã. Tôi chắc chắn sẽ quay lại đây lần nữa.","","Bản dịch của Google","・","Xem bản gốc (Tiếng Anh)","","","","","","","","","","",""
"https://lh3.googleusercontent.com/a-/ALV-UjWuyDkRggw336b6C6IOWEoz3nmeuAexd849IM9WQ_r9kk3jfXn8=w50-h50-p-rp-mo-ba12-br100","KEN LOUGH","Local Guide · 39 bài đánh giá · 1 ảnh","","4/5","2 năm trước trên","Google","https://www.gstatic.com/images/branding/product/1x/googleg_48dp.png","Tòa nhà chung cư cũ, hơi xa trung tâm thành phố một chút, nhưng gần Landmark 81 với khu mua sắm tuyệt vời và tòa tháp Sky Tower. Công viên Vincom là nơi thư giãn tuyệt vời. Tất cả nhân viên tại Manor 2 đều rất nhiệt tình giúp đỡ. Rất sạch sẽ, hồ bơi tuy hơi cũ nhưng được bảo trì tốt và sạch sẽ.","","Bản dịch của Google","・","Xem bản gốc (Tiếng Anh)","","","Chia sẻ","Thông tin phản hồi từ chủ sở hữu","một năm trước","https://www.booking.com/Share-IMzPw18","Thích","","","",""
"https://lh3.googleusercontent.com/a-/ALV-UjXEYneb95cT2F4GwpLQYy9CcdICyuyNk8f5b0aeM-v40B3Fpif0Og=w50-h50-p-rp-mo-ba12-br100","Ak","Local Guide · 10.238 bài đánh giá · 182.886 ảnh","","4/5","3 năm trước trên","Google","https://www.gstatic.com/images/branding/product/1x/googleg_48dp.png","Căn hộ hơi cũ nhưng vẫn khá tốt. Tầng 25 có hồ bơi khá đẹp và tầm nhìn tuyệt vời. Mặc dù thiết kế có vẻ hơi lỗi thời, nhưng đây vẫn là một nơi ở không tồi. Có một vài cửa hàng tiện lợi gần đó.","","Bản dịch của Google","・","Xem bản gốc (Tiếng Anh)","","","Chia sẻ","","","","","","","",""
"https://lh3.googleusercontent.com/local-reviews/AJMZ0QeCck1CfANpZm9bBk3PHtP97Kh9k25HZfvq9yAWlN3BaIyjSHUPEfWkhAJmuYiJsH-_6g=w50-h50-p-rp-br100","Trip.com Member","","","4/5","4 tháng trước trên","Trip.com","https://www.gstatic.com/travel-hotels/branding/b8089cb0-34b4-458c-8749-9bc4614baba4.png","Tình trạng tốt, dịch vụ tốt, môi trường tốt, vị trí tốt.","","Bản dịch của Google","・","Xem bản gốc (Tiếng Anh)","","","","","","","","","","",""
"https://lh3.googleusercontent.com/a-/ALV-UjV_11cZZCkO9FY4XeKgO31EceVoJ7C__xqj4SCx9jJ_ld0GA2w=w50-h50-p-rp-mo-ba12-br100","JJJ ・","Local Guide · 17 bài đánh giá · 4 ảnh","","4/5","2 năm trước trên","Google","https://www.gstatic.com/images/branding/product/1x/googleg_48dp.png","Đây là một bể bơi tuyệt đẹp.","","Bản dịch của Google","・","Xem bản gốc (Tiếng Nhật)","","","Chia sẻ","","","","Thích","","","",""
"https://lh3.googleusercontent.com/a/ACg8ocLSdah6yfKNye_Nd1jj08HRDa91g7BpBVoCtG0JmmQ_IcoLrw=w50-h50-p-rp-mo-br100","Tuấn Lê","","","4/5","2 tháng trước trên","Google","https://www.gstatic.com/images/branding/product/1x/googleg_48dp.png","","","","","","","","","","","","","","","",""
"https://lh3.googleusercontent.com/a-/ALV-UjU3lgzp4ouFRai_EL5K8s6ut-Ou_UZ55kDsnwE1x68I9p8TaiPo=w50-h50-p-rp-mo-ba12-br100","Văn Hình Hoàng","Local Guide · 3 bài đánh giá · 11 ảnh","","4/5","2 năm trước trên","Google","https://www.gstatic.com/images/branding/product/1x/googleg_48dp.png","","","","","","","","","","","","","","","",""
"https://lh3.googleusercontent.com/a/ACg8ocJ007Ir8QjajAzqZs-ZVE8snE4dKUtHGroCHLTMEMAEMbpZkg=w50-h50-p-rp-mo-br100","Geet Wason","2 bài đánh giá · 1 ảnh","","4/5","2 năm trước trên","Google","https://www.gstatic.com/images/branding/product/1x/googleg_48dp.png","","","","","","","","","","","","","","","",""
"https://lh3.googleusercontent.com/a/ACg8ocKLPqzUQjd9YzbOVZ_kc5vfeMIpYrZfSNAMiQ5R1_iFFmB2eg=w50-h50-p-rp-mo-br100","Duc Nguyen","","","4/5","2 năm trước trên","Google","https://www.gstatic.com/images/branding/product/1x/googleg_48dp.png","","","","","","","","","","","","","","","",""
"https://lh3.googleusercontent.com/a-/ALV-UjUtDiYm_Bb13QSLKya3u0rXy86gugsX2KTkhLh577wsxY9E6ffzzQ=w50-h50-p-rp-mo-ba12-br100","Minh Nguyen","Local Guide · 48 bài đánh giá · 603 ảnh","","4/5","3 năm trước trên","Google","https://www.gstatic.com/images/branding/product/1x/googleg_48dp.png","","","","","","","","","","","","","","","",""
"https://lh3.googleusercontent.com/local-reviews/AJMZ0QeCck1CfANpZm9bBk3PHtP97Kh9k25HZfvq9yAWlN3BaIyjSHUPEfWkhAJmuYiJsH-_6g=w50-h50-p-rp-br100","Trip.com Member","","","4,2/5","7 tháng trước trên","Trip.com","https://www.gstatic.com/travel-hotels/branding/b8089cb0-34b4-458c-8749-9bc4614baba4.png","Vị trí thuận tiện, đầy đủ tiện nghi, view đẹp từ giường, rất thích ở đây, có siêu thị 7/11 ở tầng trệt.","","Bản dịch của Google","・","Xem bản gốc (Tiếng Anh)","","","","","","","","","","",""
"https://lh3.googleusercontent.com/local-reviews/AJMZ0QeCck1CfANpZm9bBk3PHtP97Kh9k25HZfvq9yAWlN3BaIyjSHUPEfWkhAJmuYiJsH-_6g=w50-h50-p-rp-br100","Trip.com Member","","","4,2/5","10 tháng trước trên","Trip.com","https://www.gstatic.com/travel-hotels/branding/b8089cb0-34b4-458c-8749-9bc4614baba4.png","Nó ngon tuyệt.","","Bản dịch của Google","・","Xem bản gốc (Tiếng Hàn)","","","","","","","","","","",""
"https://lh3.googleusercontent.com/local-reviews/AJMZ0QeCck1CfANpZm9bBk3PHtP97Kh9k25HZfvq9yAWlN3BaIyjSHUPEfWkhAJmuYiJsH-_6g=w50-h50-p-rp-br100","Trip.com Member","","","4,5/5","9 tháng trước trên","Trip.com","https://www.gstatic.com/travel-hotels/branding/b8089cb0-34b4-458c-8749-9bc4614baba4.png","Tôi rất hài lòng! Tôi muốn quay lại đây lần nữa. Mặc dù là một tòa nhà cũ, nhưng nó được bảo trì khá tốt, và tôi được biết rằng đối với những kỳ nghỉ dài ngày, việc dọn dẹp được thực hiện định kỳ, nếu không phải mỗi ngày. Chủ nhà rất tốt …","","Bản dịch của Google","・","Xem bản gốc (Tiếng Hàn)","","","","","","","","","","",""
"https://lh3.googleusercontent.com/local-reviews/AJMZ0QeCck1CfANpZm9bBk3PHtP97Kh9k25HZfvq9yAWlN3BaIyjSHUPEfWkhAJmuYiJsH-_6g=w50-h50-p-rp-br100","Trip.com Member","","","4,5/5","một năm trước trên","Trip.com","https://www.gstatic.com/travel-hotels/branding/b8089cb0-34b4-458c-8749-9bc4614baba4.png","Phòng là phòng studio, nhưng nhìn chung sạch sẽ và ngăn nắp. Vì hơi cũ nên cảm giác hơi lỗi thời, nhưng nhìn chung, tôi đã ở đó mà không gặp vấn đề gì lớn.","","Bản dịch của Google","・","Xem bản gốc (Tiếng Hàn)","","","","","","","","","","",""
"https://lh3.googleusercontent.com/a-/ALV-UjWSkApIWp1jOQmkEYx-wT5YUXiiMkc2xeB17YpWdU2Chdk1x1EF_Q=w50-h50-p-rp-mo-ba12-br100","Tuấn Trần Anh","Local Guide · 466 bài đánh giá · 6.769 ảnh","","5/5","5 tháng trước trên","Google","https://www.gstatic.com/images/branding/product/1x/googleg_48dp.png","Mình có trải nghiệm tốt tại đây. Nhân viện thân thiện và hỗ trợ nhiệt tình. Hầm giữ xe rộng rãi. Các tiện ích xung quanh đầy đủ.","Xem thêm","","","","","","Chia sẻ","","","","Thích","","","",""
"https://lh3.googleusercontent.com/a-/ALV-UjWZWoJzoO_9odEWKMeJQIdDzf6m4s7bR2i0nW5Dm3P3RwTsXmI=w50-h50-p-rp-mo-ba12-br100","Ngô Thị mai","Local Guide · 3 bài đánh giá · 214 ảnh","","5/5","một năm trước trên","Google","https://www.gstatic.com/images/branding/product/1x/googleg_48dp.png","Chị rất vui khi gặp đc e kì duyên hứa bao xe  2 chiều 1 Chiều đi 1chiều về ,và chị nhận 1tiểng đến bên e kì duyên và 1chuyến bao về với e , và chị mai nhận đc vêchrer 3ngày 2 đêm, chị đem cccd sản rồi đem cccd chị mai về","Xem thêm","","","","","","Chia sẻ","Thông tin phản hồi từ chủ sở hữu","11 tháng trước",":)","Thích","","","",""
"https://lh3.googleusercontent.com/a-/ALV-UjU9FAZTjP3UI-uOHBG5X5zLe8voakiULrWKoO7nRqCdP9kwO0S6=w50-h50-p-rp-mo-ba12-br100","Uyen Pham","Local Guide · 37 bài đánh giá · 91 ảnh","","5/5","3 năm trước trên","Google","https://www.gstatic.com/images/branding/product/1x/googleg_48dp.png","Nói về chỗ ở gần trung tâm và thuận tiện di chuyển thì mình thật sự thích The Manor, so với Vinhomes central park thì giá bên này rẻ hơn, nhưng với việc quản lý rất tốt thì The Manor rất đáng sống","","","","","","","Chia sẻ","","","","Thích","","","",""
"https://lh3.googleusercontent.com/a/ACg8ocK4ZrqQ_UPJ9VbN3TMdS4P90F50JHwVKbA_MjynK0zeTGoefg=w50-h50-p-rp-mo-ba12-br100","Justin Mr.","Local Guide · 33 bài đánh giá · 2 ảnh","","5/5","2 năm trước trên","Google","https://www.gstatic.com/images/branding/product/1x/googleg_48dp.png","Bảo vệ nhiệt tình phục vụ như khách sạn dù đây là apartment, hành lang, thang máy luôn sạch sẽ.","","","","","","","Chia sẻ","Thông tin phản hồi từ chủ sở hữu","2 năm trước","Kính gửi ông Justin,

Chúng tôi rất cảm ơn đánh giá của ông. …","Thích","Xem thêm","Bản dịch của Google","・","Xem bản gốc (Tiếng Anh)"
"https://lh3.googleusercontent.com/a-/ALV-UjWWDqnoHnmmt-zA1pBNQUlaY7iLnKfo4o4KID_MGnBTBmFOMJaZ=w50-h50-p-rp-mo-br100","ngoc sam Nguyen","4 bài đánh giá · 2 ảnh","","5/5","Thời gian chỉnh sửa: 11 tháng trước trên","Google","https://www.gstatic.com/images/branding/product/1x/googleg_48dp.png","👍 …","Xem thêm","","","","","","Chia sẻ","","","","Thích","","","",""
"https://lh3.googleusercontent.com/a-/ALV-UjWgGNZSJsJwqY8Y9Aegw6tyi3SE9LglkBCS-DZles6RQymr35dkrA=w50-h50-p-rp-mo-ba12-br100","Miy0 My","Local Guide · 66 bài đánh giá · 427 ảnh","","5/5","4 năm trước trên","Google","https://www.gstatic.com/images/branding/product/1x/googleg_48dp.png","Nhìn ngắm sài gòn với những ngày không làm gì","","","","","","","Chia sẻ","","","","Thích","","","",""
"https://lh3.googleusercontent.com/a-/ALV-UjWt9B8oNEf0FJMLWGLpIcsqouyTxH3VgRsL5LNQmaOtHoyYJWaR=w50-h50-p-rp-mo-ba12-br100","Kim Nguyễn","Local Guide · 686 bài đánh giá · 1.502 ảnh","","5/5","3 năm trước trên","Google","https://www.gstatic.com/images/branding/product/1x/googleg_48dp.png","Yên bình","","","","","","","Chia sẻ","","","","Thích","","","",""
"https://lh3.googleusercontent.com/a-/ALV-UjVQtR4Kfufg5bY_1fploncI7ZDeUAezi43orkJzSir6Ur5iXxm4=w50-h50-p-rp-mo-br100","Cang Justin","6 bài đánh giá · 4 ảnh","","5/5","3 năm trước trên","Google","https://www.gstatic.com/images/branding/product/1x/googleg_48dp.png","Tuyệt vời","","","","","","","Chia sẻ","","","","Thích","","","",""
"https://lh3.googleusercontent.com/a-/ALV-UjU3LlzTASRBDfTq-uJFccYfDPFPktgWBJl1iDop8KVYRbkzdU1O=w50-h50-p-rp-mo-ba12-br100","Bảo Long","Local Guide · 25 bài đánh giá · 7 ảnh","","5/5","2 năm trước trên","Google","https://www.gstatic.com/images/branding/product/1x/googleg_48dp.png","Lịch sự , hầm gửi xe thoáng","","","","","","","Chia sẻ","","","","Thích","","","",""
"https://lh3.googleusercontent.com/a/ACg8ocKTx4BleDQcbCsWDM8U9W_1jyNY8llqklezWyO0ae2lc8US1w=w50-h50-p-rp-mo-br100","Willson Huỳnh","2 bài đánh giá · 19 ảnh","","5/5","một năm trước trên","Google","https://www.gstatic.com/images/branding/product/1x/googleg_48dp.png","Tốt","Xem thêm","","","","","","Chia sẻ","Thông tin phản hồi từ chủ sở hữu","11 tháng trước","Chúng tôi rất cảm ơn những phản hồi quý báu của bạn. Hy vọng sẽ gặp lại bạn lần sau.
Căn hộ M Saigon
Ông Nhan","Thích","","Bản dịch của Google","・","Xem bản gốc (Tiếng Anh)"
"https://lh3.googleusercontent.com/a/ACg8ocJUVvcDDPoZfsaglps4lrheEthUdix_6qqLJPESHGU5Mo93WA=w50-h50-p-rp-mo-ba12-br100","Lam Le","Local Guide · 68 bài đánh giá · 5 ảnh","","5/5","2 năm trước trên","Google","https://www.gstatic.com/images/branding/product/1x/googleg_48dp.png","Tuyệt","","","","","","","Chia sẻ","","","","Thích","","","",""
"https://lh3.googleusercontent.com/a-/ALV-UjUOECzqNsNU25CtjZec_B2dkExi6Kq9MiO1zclxeElakFGAT0DE=w50-h50-p-rp-mo-ba12-br100","Nhân Lê","Local Guide · 76 bài đánh giá · 30 ảnh","","5/5","4 năm trước trên","Google","https://www.gstatic.com/images/branding/product/1x/googleg_48dp.png","Đẹp","","","","","","","Chia sẻ","","","","Thích","","","",""
"https://lh3.googleusercontent.com/local-reviews/AJMZ0QeCck1CfANpZm9bBk3PHtP97Kh9k25HZfvq9yAWlN3BaIyjSHUPEfWkhAJmuYiJsH-_6g=w50-h50-p-rp-br100","Trip.com Member","","","5/5","7 tháng trước trên","Trip.com","https://www.gstatic.com/travel-hotels/branding/b8089cb0-34b4-458c-8749-9bc4614baba4.png","Phòng ấm cúng và rộng rãi. Vị trí thuận tiện, gần mọi thứ. Tôi đã có một kỳ nghỉ tuyệt vời và thoải mái, tôi rất khuyên bạn nên chọn nơi này.","","Bản dịch của Google","・","Xem bản gốc (Tiếng Anh)","","","","","","","","","","",""
"https://lh3.googleusercontent.com/local-reviews/AJMZ0QeCck1CfANpZm9bBk3PHtP97Kh9k25HZfvq9yAWlN3BaIyjSHUPEfWkhAJmuYiJsH-_6g=w50-h50-p-rp-br100","Trip.com Member","","","5/5","9 tháng trước trên","Trip.com","https://www.gstatic.com/travel-hotels/branding/b8089cb0-34b4-458c-8749-9bc4614baba4.png","Tôi đã có một kỳ nghỉ tuyệt vời. Bể bơi trên tầng 25 rất tuyệt, và tôi đánh giá cao việc có chỗ đậu xe dành cho taxi Grab. Ngoài ra còn có một cửa hàng tiện lợi nhỏ ở tầng một.","","Bản dịch của Google","・","Xem bản gốc (Tiếng Hàn)","","","","","","","","","","",""
"https://lh3.googleusercontent.com/a-/ALV-UjUcUCxUjAiccp76HKl5L1rjp_dS-lmurQeHYLUF4bDZD6k5957z8g=w50-h50-p-rp-mo-ba12-br100","Liam G.","Local Guide · 217 bài đánh giá · 1.813 ảnh","","5/5","2 năm trước trên","Google","https://www.gstatic.com/images/branding/product/1x/googleg_48dp.png","Vị trí tuyệt vời! Nằm ngay giữa nhiều khu vực và chỉ cách trung tâm quận 1 10 phút đi xe. Tầm nhìn ngoạn mục ra tòa nhà Landmark 81 nếu bạn có thể đặt phòng hướng Bắc/Đông. Bể bơi trên sân thượng tuyệt vời, tầm nhìn bao quát tuyệt đẹp và …","Xem thêm","Bản dịch của Google","・","Xem bản gốc (Tiếng Anh)","","","Chia sẻ","","","","","","","",""
"https://lh3.googleusercontent.com/a-/ALV-UjWBgfWCymZOB_GqI4WxI_VcBxXfv7osouLLLMstxDQjHTHT_NYQSw=w50-h50-p-rp-mo-ba12-br100","Craig Lock","Local Guide · 530 bài đánh giá · 2.221 ảnh","","5/5","2 năm trước trên","Google","https://www.gstatic.com/images/branding/product/1x/googleg_48dp.png","Tôi thích ở đây, tôi ở tầng cao nhất nên rất yên tĩnh, không bị ảnh hưởng bởi tiếng ồn giao thông bên dưới. Đi bộ khoảng 40 phút là vào trung tâm thành phố, nhưng ở khu vực đó có một số nhà hàng và quán cà phê ngon. Ngoài ra còn có một siêu …","Xem thêm","Bản dịch của Google","・","Xem bản gốc (Tiếng Anh)","","","Chia sẻ","Thông tin phản hồi từ chủ sở hữu","một năm trước","https://www.booking.com/Share-IMzPw18","","","","",""
"https://lh3.googleusercontent.com/a-/ALV-UjXZaiGuFJRgA9Q8wAiABXVibKHygiM-7TfbUCSo1Nbe8NeGSvw=w50-h50-p-rp-mo-ba12-br100","Hello World","Local Guide · 21 bài đánh giá · 221 ảnh","","5/5","2 năm trước trên","Google","https://www.gstatic.com/images/branding/product/1x/googleg_48dp.png","Tôi từng đến đây một lần với tư cách kỹ thuật viên để hỗ trợ khách hàng. Nơi này nằm trên đường Nguyễn Hữu Canh, có view rất đẹp, đối diện cổng vào là tòa nhà Landmark 81, tòa nhà mà tôi rất thích. An ninh tốt và bảo vệ thân thiện. Thiết kế căn hộ đẹp, tôi rất ấn tượng.","Xem thêm","Bản dịch của Google","・","Xem bản gốc (Tiếng Anh)","","","Chia sẻ","Thông tin phản hồi từ chủ sở hữu","một năm trước","https://www.booking.com/Share-IMzPw18","Thích","","","",""
"https://lh3.googleusercontent.com/a-/ALV-UjWq9nVggfjPgY32qEHA9SZO_AO2WDYruh5_PAFgekP4neak5fZRXA=w50-h50-p-rp-mo-ba12-br100","amar","Local Guide · 25 bài đánh giá · 44 ảnh","","5/5","một năm trước trên","Google","https://www.gstatic.com/images/branding/product/1x/googleg_48dp.png","Vị trí tuyệt vời tại khu trung tâm thương mại Sài Gòn, gần quán rượu Bác Long Phương. Tòa nhà có tầm nhìn hoàn hảo ra màn trình diễn pháo hoa. Khu vực rất an ninh và có chỗ đậu xe. Nhân viên tòa nhà nhiệt tình và chuyên nghiệp. Rất đáng để lựa chọn!","Xem thêm","Bản dịch của Google","・","Xem bản gốc (Tiếng Anh)","","","Chia sẻ","Thông tin phản hồi từ chủ sở hữu","11 tháng trước","Cảm ơn rất nhiều về nhận xét của bạn, tôi rất trân trọng điều đó.

Hẹn gặp lại lần sau!
Ông Nhan","Thích","","Bản dịch của Google","・","Xem bản gốc (Tiếng Anh)"
"https://lh3.googleusercontent.com/a-/ALV-UjVcRM1G3EuY3vYg0axKw4hs8efNcnsTe_ScMOe7qs7_TsphbP-a=w50-h50-p-rp-mo-ba12-br100","Souman Sh","Local Guide · 212 bài đánh giá · 65 ảnh","","5/5","2 năm trước trên","Google","https://www.gstatic.com/images/branding/product/1x/googleg_48dp.png","Nơi tuyệt vời để ở, tôi đã ở đây 2 ngày qua Airbnb và rất hài lòng.

Mọi thứ đều gọn gàng và sạch sẽ. Quảng trường Thời đại chỉ cách đó 5 km. …","Xem thêm","Bản dịch của Google","・","Xem bản gốc (Tiếng Anh)","","","Chia sẻ","","","","","","","",""
"https://lh3.googleusercontent.com/a/ACg8ocJYjmdURT8Ai0qTDvqAL744c4tVao-pX_4XJseY5MILQB_VcA=w50-h50-p-rp-mo-ba12-br100","Tom Lee","Local Guide · 230 bài đánh giá · 425 ảnh","","5/5","3 năm trước trên","Google","https://www.gstatic.com/images/branding/product/1x/googleg_48dp.png","Tòa nhà Manor có vị trí rất thuận lợi và dễ dàng tiếp cận. Tòa nhà và các căn hộ đều trang nhã và được xây dựng tốt. Thiết kế bao gồm nhiều không gian mở, được ngăn cách khỏi tiếng ồn và sự hối hả nhộn nhịp của con đường phía trước.","","Bản dịch của Google","・","Xem bản gốc (Tiếng Anh)","","","Chia sẻ","","","","","","","",""
"","","","","","","","","","","","","","","","","","","","","","","",""
"","","","","Xếp hạng thấp nhất","","","","","","","","","","","","","","","","","","",""
"https://lh3.googleusercontent.com/local-reviews/AJMZ0QeCck1CfANpZm9bBk3PHtP97Kh9k25HZfvq9yAWlN3BaIyjSHUPEfWkhAJmuYiJsH-_6g=w50-h50-p-rp-br100","Trip.com Member","","","5/5","7 tháng trước trên","Trip.com","https://www.gstatic.com/travel-hotels/branding/b8089cb0-34b4-458c-8749-9bc4614baba4.png","Địa điểm thuận tiện, và chủ nhà Jincheol phản hồi nhanh chóng.","","Bản dịch của Google","・","Xem bản gốc (Tiếng Hàn)","","","","","","","","","","",""
"https://lh3.googleusercontent.com/local-reviews/AJMZ0QeCck1CfANpZm9bBk3PHtP97Kh9k25HZfvq9yAWlN3BaIyjSHUPEfWkhAJmuYiJsH-_6g=w50-h50-p-rp-br100","Trip.com Member","","","5/5","7 tháng trước trên","Trip.com","https://www.gstatic.com/travel-hotels/branding/b8089cb0-34b4-458c-8749-9bc4614baba4.png","Nơi này sạch sẽ, không chật chội và rất tiện lợi vì có cửa hàng tiện lợi gần đó.","","Bản dịch của Google","・","Xem bản gốc (Tiếng Hàn)","","","","","","","","","","",""
"https://lh3.googleusercontent.com/a/ACg8ocJoMH38RxE8Ebx6TSp2CdkkSUrqh3BnvWMC4xq2vC8rUbi4zA=w50-h50-p-rp-mo-ba12-br100","Mark Waldron","Local Guide · 181 bài đánh giá · 370 ảnh","","5/5","2 năm trước trên","Google","https://www.gstatic.com/images/branding/product/1x/googleg_48dp.png","Căn hộ tuyệt vời, hồ bơi đẹp, vị trí đắc địa, và chỉ cách chợ Bình Thạnh, đường Bùi Viện một quãng ngắn. …","Xem thêm","Bản dịch của Google","・","Xem bản gốc (Tiếng Anh)","","","Chia sẻ","","","","","","","",""
"https://lh3.googleusercontent.com/a/ACg8ocIiA5dgOOCVBbMWU18K1nmzTZZy_Rcp6gsX_pEbY6qW7_4erw=w50-h50-p-rp-mo-ba12-br100","Abhijith Balakrishnan","Local Guide · 208 bài đánh giá · 202 ảnh","","5/5","2 năm trước trên","Google","https://www.gstatic.com/images/branding/product/1x/googleg_48dp.png","Căn hộ đẹp với nhân viên thân thiện, cửa hàng tiện lợi Seven Eleven và hồ bơi sạch sẽ trên sân thượng.","","Bản dịch của Google","・","Xem bản gốc (Tiếng Anh)","","","Chia sẻ","","","","Thích","","","",""
"https://lh3.googleusercontent.com/a-/ALV-UjWhEJTcB8n6czvI_pXBdePDWkyLvBIL4SJtlTSUiHu8Mnt-40Pr=w50-h50-p-rp-mo-ba12-br100","Thuý Phạm","Local Guide · 1 bài đánh giá · 29 ảnh","","5/5","3 năm trước trên","Google","https://www.gstatic.com/images/branding/product/1x/googleg_48dp.png","Các câu lạc bộ rất tốt với giá cả phải chăng, Nam rất nhiệt tình và thân thiện.","","Bản dịch của Google","・","Xem bản gốc (Tiếng Anh)","","","Chia sẻ","","","","Thích","","","",""
"https://lh3.googleusercontent.com/a/ACg8ocIeAaLLOBTIWakntwb9n-0uzgJTkIR33qd1TT5USfOlfuiaMQ=w50-h50-p-rp-mo-ba12-br100","R D","Local Guide · 21 bài đánh giá","","5/5","3 năm trước trên","Google","https://www.gstatic.com/images/branding/product/1x/googleg_48dp.png","Thuận tiện bắt taxi đi vào thành phố và mua sắm
Tôi rất thích căn hộ này.","","Bản dịch của Google","・","Xem bản gốc (Tiếng Anh)","","","Chia sẻ","","","","","","","",""
"https://lh3.googleusercontent.com/a-/ALV-UjUugo3VXAoSNTwn0oFw0Io9lNQ_qp8w3WpLSRyrcu4B430zWoJJwQ=w50-h50-p-rp-mo-ba12-br100","Hung-Man VU","Local Guide · 513 bài đánh giá · 1.868 ảnh","","5/5","2 năm trước trên","Google","https://www.gstatic.com/images/branding/product/1x/googleg_48dp.png","Nơi lưu trú tốt. Sạch sẽ.","","Bản dịch của Google","・","Xem bản gốc (Tiếng Anh)","","","Chia sẻ","","","","Thích","","","",""
"https://lh3.googleusercontent.com/a/ACg8ocIlBP9qs3alpS3sj6FdBacdpcQfM13l-l-XjU5cv0h0J8CcOg=w50-h50-p-rp-mo-br100","Jeffrey Lao","1 bài đánh giá","","5/5","2 năm trước trên","Google","https://www.gstatic.com/images/branding/product/1x/googleg_48dp.png","Bảo mật và riêng tư, trên hết là thay đổi kết nối.","","Bản dịch của Google","・","Xem bản gốc (Tiếng Anh)","","","Chia sẻ","","","","Thích","","","",""
"https://lh3.googleusercontent.com/a-/ALV-UjXJB1VX5W39Hl-5bTgE8q7AExvqZ5XUjWtJG1T0V0_oi1NLK0Ph=w50-h50-p-rp-mo-ba12-br100","#AI ONPASSIVE VIET NAM","Local Guide · 7 bài đánh giá · 14 ảnh","","5/5","một năm trước trên","Google","https://www.gstatic.com/images/branding/product/1x/googleg_48dp.png","Tuyệt","","Bản dịch của Google","・","Xem bản gốc (Tiếng Anh)","","","Chia sẻ","Thông tin phản hồi từ chủ sở hữu","11 tháng trước","Cảm ơn bạn rất nhiều","Thích","","Bản dịch của Google","・","Xem bản gốc (Tiếng Anh)"
"https://lh3.googleusercontent.com/a-/ALV-UjVp81T57QJGnQXx0W6DCryktxH9sjsoJM-IOWcsZ2EAB-r-SA6a=w50-h50-p-rp-mo-br100","Nguyễn Thuỳ Linh","10 bài đánh giá · 5 ảnh","","5/5","2 năm trước trên","Google","https://www.gstatic.com/images/branding/product/1x/googleg_48dp.png","Được rồi","","Bản dịch của Google","・","Xem bản gốc (Tiếng Anh)","","","Chia sẻ","","","","","","","",""
"https://lh3.googleusercontent.com/a-/ALV-UjUicuLsHjK7aLuy-MB_FoFFYbp7IUAKpWwMc5VSpkPuRplJedKqYg=w50-h50-p-rp-mo-ba12-br100","Minh Thanh","Local Guide · 90 bài đánh giá · 182 ảnh","","5/5","2 năm trước trên","Google","https://www.gstatic.com/images/branding/product/1x/googleg_48dp.png","Chúc mừng sinh nhật Voi.","","Bản dịch của Google","・","Xem bản gốc (Tiếng Hy Lạp)","","","Chia sẻ","","","","Thích","","","",""
"https://lh3.googleusercontent.com/a/ACg8ocJcp3pCe3u-0tH3txNh9dL7T3_tTXACOhyEmxE3ZLHCUtHfNQ=w50-h50-p-rp-mo-br100","이상영","4 bài đánh giá · 6 ảnh","","5/5","một năm trước trên","Google","https://www.gstatic.com/images/branding/product/1x/googleg_48dp.png","","Xem thêm","","","","","","Chia sẻ","Thông tin phản hồi từ chủ sở hữu","11 tháng trước","Cảm ơn rất nhiều

Căn hộ M Saigon","Thích","","Bản dịch của Google","・","Xem bản gốc (Tiếng Anh)"
"","","","","Tất cả bài đánh giá","","","","","","","","","","","","","","","","","","",""
"","","","","Phù hợp nhất","","","","","","","","","","","","","","","","","","",""
"https://lh3.googleusercontent.com/a-/ALV-UjXPlyi0JYNZcOOBYDbHZC33r5MGXN8br9n2lXE5EtdXAacfR4GL=w50-h50-p-rp-mo-ba12-br100","Huong Vu","Local Guide · 54 bài đánh giá · 213 ảnh","","5/5","2 tháng trước trên","Google","https://www.gstatic.com/images/branding/product/1x/googleg_48dp.png","Khách sạn có bãi đỗ oto.  Ở Sài Gòn mà kiếm dc chỗ ở có bãi oto ít chỗ có lắm luôn nhưng ksan này có nhé. Phòng rất rộng và thoải mái, đầy đủ tiện nghi
Lễ tân và bell đều dễ thương. Chiều mỗi ngày đều có bạn mang bánh đặc sản lên …","Xem thêm","","","","","","Chia sẻ","Thông tin phản hồi từ chủ sở hữu","2 tháng trước","Kính gửi cô Hương Vũ,
Lời chào trân trọng từ Khách sạn & Căn hộ Oakwood Sài Gòn,
Cảm ơn cô rất nhiều vì đã dành thời gian đánh giá và viết nhận xét này cho chúng …","Thích","Xem thêm","Bản dịch của Google","・","Xem bản gốc (Tiếng Anh)"
"https://lh3.googleusercontent.com/local-reviews/AJMZ0QeCck1CfANpZm9bBk3PHtP97Kh9k25HZfvq9yAWlN3BaIyjSHUPEfWkhAJmuYiJsH-_6g=w50-h50-p-rp-br100","Traveler55158016782","","","5/5","5 tháng trước trên","Tripadvisor","https://www.gstatic.com/travel-hotels/branding/icon_100532569.png","Tuần trước trong chuyến du lịch TP.HCM, vợ chồng tôi ở một căn hộ tại Landmark gần đó và tình cờ biết đến khách sạn Oakwood Hotel & Apartments Saigon. Sau khi ghé trải nghiệm, chúng tôi thực sự rất hài lòng.|Khách sạn có cơ sở vật chất rất …","","","","","","","","","","","","","","",""
"https://lh3.googleusercontent.com/a/ACg8ocJ8LRPUyvSCLTZpUuVvphw9wrQAYveX7CMyOR-7Xa5zpYbYUg=w50-h50-p-rp-mo-br100","Trung Nguyễn","2 bài đánh giá · 1 ảnh","","5/5","4 tháng trước trên","Google","https://www.gstatic.com/images/branding/product/1x/googleg_48dp.png","Mình vừa có dịp lưu trú tại Oakwood Hotel & Apartments Saigon và thật sự rất hài lòng. Khách sạn có vị trí khá thuận tiện, dễ dàng di chuyển đến trung tâm cũng như các khu vực ăn uống, giải trí. …","Xem thêm","","","","","","Chia sẻ","Thông tin phản hồi từ chủ sở hữu","4 tháng trước","Kính gửi ông Trung Nguyễn,
Lời chào trân trọng từ Khách sạn & Căn hộ Oakwood Sài Gòn,
Cảm ơn ông/bà đã dành thời gian đánh giá và viết nhận xét này cho chúng tôi. …","Thích","Xem thêm","Bản dịch của Google","・","Xem bản gốc (Tiếng Anh)"
"https://lh3.googleusercontent.com/a-/ALV-UjXhee4M_Qav-ADGQpqKWz_IjBsHGGHUWry-EHfUUUpWR1Zcqyo=w50-h50-p-rp-mo-br100","sơn trần văn","3 bài đánh giá · 5 ảnh","","1/5","2 tháng trước trên","Google","https://www.gstatic.com/images/branding/product/1x/googleg_48dp.png","Shipper. Giao hàng có mấy đồng 1 đơn mà đâụ xe bên ngoài bảo vệ không cho, bắt gửi xe trong toà nhà. Đồng ý vậy đi, mà phí gửi xe chém tới 15k/lượt cho xe máy, phí còn mắc hơn mấy toà nhà chọc trời khu trung tâm quận 1. Bảng giá gửi xe cũng …","Xem thêm","","","","","","Chia sẻ","Thông tin phản hồi từ chủ sở hữu","một tháng trước","Kính gửi ông Sơn Trần Văn,

Cảm ơn ông đã dành thời gian chia sẻ ý kiến ​​của mình với chúng tôi. Chúng tôi …","Thích","Xem thêm","Bản dịch của Google","・","Xem bản gốc (Tiếng Anh)"
"https://lh3.googleusercontent.com/a-/ALV-UjVoyf309FshYOxT58wtuEz2trwYyngStNWdoVT7eeBRgiYXM00I=w50-h50-p-rp-mo-br100","Iris Moon","2 bài đánh giá","","5/5","2 tháng trước trên","Google","https://www.gstatic.com/images/branding/product/1x/googleg_48dp.png","Mình rất hài lòng với dịch vụ cũng như tiện nghi ở đây. Chỉ có điều làm mình hơi khó chịu đó là lúc lễ tân làm thủ tục đã vô tình đọc thành tiếng thông tin cá nhân của mình. Mặc dù chỉ là ngày tháng năm sinh thôi nhưng mình vẫn thấy không thoải mái, hy vọng lễ tân sẽ khắc phục điều này","","","","","","","Chia sẻ","Thông tin phản hồi từ chủ sở hữu","2 tháng trước","Kính gửi bà Iris Moon,

Cảm ơn bà đã dành thời gian chia sẻ phản hồi. …","Thích","Xem thêm","Bản dịch của Google","・","Xem bản gốc (Tiếng Anh)"
"https://lh3.googleusercontent.com/local-reviews/AJMZ0Qd0Gzx7-o-W0qn7F-oHhorx-ann6UFYRniBmE7Ar1MhRFtO-x6vY7U2LNCPC1lcQidkpw=w50-h50-p-rp-br100","Pioneer01337107177","","","5/5","3 tháng trước trên","Tripadvisor","https://www.gstatic.com/travel-hotels/branding/icon_100532569.png","Tôi đã có những trải nghiệm thật sự tuyệt vời tại nơi đây khi đi cùng bạn. Ngay từ lúc nhận phòng, chúng tôi đã cảm nhận được sự thân thiện và hiếu khách từ đội ngũ nhân viên – luôn niềm nở, tận tình hỗ trợ. Không gian phòng sạch sẽ, gọn …","","","","","","","","","","","","","","",""
"https://lh3.googleusercontent.com/local-reviews/AJMZ0QewvQXK08PhtQgCu1fT7TcdWcgcaXdOmFk48xW5xlmLo-Eqy0UOp2YqveGvl0etYz5BzA=w50-h50-p-rp-br100","Venture50365989868","","","5/5","2 tháng trước trên","Tripadvisor","https://www.gstatic.com/travel-hotels/branding/icon_100532569.png","Khách sạn rất đẹp, nhân viên tận tình và chuyên nghiệp trong phục vụ, view phòng thoáng mát sạch sẽ.","","","","","","","","","","","","","","",""
"https://lh3.googleusercontent.com/local-reviews/AJMZ0Qdx0CtChWdL4amzhVtedU6JgNzs3A9KzPS8K998c7-u-mDeTb-7WQwuTD-PPX6BcVA5wg=w50-h50-p-rp-br100","Journey45971810800","","","5/5","5 tháng trước trên","Tripadvisor","https://www.gstatic.com/travel-hotels/branding/icon_100532569.png","Trải nghiệm tại Oakwood thật sự đáng đồng tiền bát gạo. Phòng ốc thiết kế tinh tế, hiện đại và ấm cúng như ở nhà. Nhân viên hỗ trợ tận tâm, chuyên nghiệp. Một lựa chọn hoàn hảo cho kỳ nghỉ.","","","","","","","","","","","","","","",""
"https://lh3.googleusercontent.com/local-reviews/AJMZ0Qdx0CtChWdL4amzhVtedU6JgNzs3A9KzPS8K998c7-u-mDeTb-7WQwuTD-PPX6BcVA5wg=w50-h50-p-rp-br100","Journey10733817818","","","5/5","2 tháng trước trên","Tripadvisor","https://www.gstatic.com/travel-hotels/branding/icon_100532569.png","Phòng mới hiện đại tiện nghi. Nhân viên chuyên nghiệp. Sẽ quay lại cho dịp tới","","","","","","","","","","","","","","",""
"https://lh3.googleusercontent.com/a/ACg8ocLxL1vGdYlYcoqOj9VDqTdTiXckrTrs2J7Yh1dvhhAEbTLsBw=w50-h50-p-rp-mo-br100","Phong Truong","1 bài đánh giá","","5/5","6 tháng trước trên","Google","https://www.gstatic.com/images/branding/product/1x/googleg_48dp.png","Vi trí kg quá ồn ào. Phòng sach đầy đủ tiện nghi. Các bạn nhân viên vui vẻ thân thiện. Tuyệt vời.","Xem thêm","","","","","","Chia sẻ","Thông tin phản hồi từ chủ sở hữu","6 tháng trước","Kính gửi ông Phong Trường,
Lời chào trân trọng từ Khách sạn & Căn hộ Oakwood Sài Gòn,
Cảm ơn ông đã dành thời gian đánh giá và viết nhận xét cho chúng tôi. …","Thích","Xem thêm","Bản dịch của Google","・","Xem bản gốc (Tiếng Anh)"
"https://lh3.googleusercontent.com/local-reviews/AJMZ0QdHDxxyBDO6igPA51sqxYAI1TTeuGvapT1sWSCJfPSgzOZltNlMhWmUDpj2A3v7zAw89g=w50-h50-p-rp-br100","Global37953815946","","","5/5","6 tháng trước trên","Tripadvisor","https://www.gstatic.com/travel-hotels/branding/icon_100532569.png","Rất thoải mái khi ở tại đây, khách sạn thật chu đáo khi đáp ứng các nhu cầu của mình, mình thật sự đánh giá cao cách họ phục vụ tại đây. Mình sẽ giới thiệu nơi này cho người thân và bạn bè của mình, vị trí khách sạn cũng rất thuận lợi mặc dù hơi xa trung tâm quận 1 nhưng chỉ tốn 10-15 phút đi xe vẫn rất là tiện.","","","","","","","","","","","","","","",""
"https://lh3.googleusercontent.com/local-reviews/AJMZ0QcoKrjftg2H5FSPDgamEji1HcAj6KJIMYEaB28IfM5URISpFokTGJ4TKCMmdB7Et-p_0g=w50-h50-p-rp-br100","FarAway62082108019","","","5/5","7 tháng trước trên","Tripadvisor","https://www.gstatic.com/travel-hotels/branding/icon_100532569.png","Trải nghiệm tại Oakwood thật sự đáng nhớ. Khách sạn không chỉ là nơi nghỉ ngơi mà còn mang đến cảm giác ấm áp và thân thiện thông qua chất lượng dịch vụ tuyệt vời. Từ không gian đến cách phục vụ đều khiến tôi cảm thấy gần gũi như đang ở …","","","","","","","","","","","","","","",""
"https://lh3.googleusercontent.com/a/ACg8ocK4FKhM2WCOQRcR0Qk7qdAYWAA9A9KnlnizSFpd5yPK1gVR6g=w50-h50-p-rp-mo-br100","Bình Hứa","4 bài đánh giá · 2 ảnh","","5/5","9 tháng trước trên","Google","https://www.gstatic.com/images/branding/product/1x/googleg_48dp.png","Giữa vô vàn các khách sạn trên khắp Sài Gòn, thật sự mình rất thích nơi đây, cảm giác thật sự rất thân thuộc, mọi thứ họ cung cấp đều rất chu đáo và chuyên nghiệp. các bạn nhân viên đều rất hỗ trợ và nhiệt tình, mình thích cách bài trí từ …","Xem thêm","","","","","","Chia sẻ","Thông tin phản hồi từ chủ sở hữu","9 tháng trước","Kính gửi Bình Hứa,
Lời chào trân trọng từ Khách sạn & Căn hộ Oakwood Sài Gòn,
Cảm ơn bạn đã dành thời gian đánh giá và viết nhận xét này cho chúng tôi. …","Thích","Xem thêm","Bản dịch của Google","・","Xem bản gốc (Tiếng Anh)"
"https://lh3.googleusercontent.com/local-reviews/AJMZ0QeWB0GIG9gGd6g9zDFXwjE9TRuKRtAO6HvwA5jEdK_CrOJXcVxp8esjQRYTFMjay2JK=w50-h50-p-rp-br100","_cnM6102JA","","","5/5","7 tháng trước trên","Tripadvisor","https://www.gstatic.com/travel-hotels/branding/icon_100532569.png","Khách sạn 4 sao với dịch vụ chuyên nghiệp và không gian sạch sẽ, thoải mái. Nhân viên thân thiện, hỗ trợ nhiệt tình và luôn tạo cảm giác dễ chịu cho khách. Tôi rất hài lòng và sẽ quay lại trong những lần lưu trú tiếp theo.","","","","","","","","","","","","","","",""
"https://lh3.googleusercontent.com/local-reviews/AJMZ0Qd0Gzx7-o-W0qn7F-oHhorx-ann6UFYRniBmE7Ar1MhRFtO-x6vY7U2LNCPC1lcQidkpw=w50-h50-p-rp-br100","Passport20529896744","","","5/5","6 tháng trước trên","Tripadvisor","https://www.gstatic.com/travel-hotels/branding/icon_100532569.png","Chúng tôi đánh giá cao sự nhiệt tình và tận tâm của các bạn nhân viên, đội ngũ lễ tân đã làm cho kì nghỉ chúng tôi trở nên tuyệt vời, chúng tôi sẽ quay lại trong thời gian sớm nhất.","","","","","","","","","","","","","","",""
"https://lh3.googleusercontent.com/a-/ALV-UjXlcVNgctG2UvTrkia9T3OWktlDJhlhylztDzwFEfOsvVikmIk=w50-h50-p-rp-mo-ba12-br100","Trí Vũ","Local Guide · 181 bài đánh giá · 883 ảnh","","5/5","5 tháng trước trên","Google","https://www.gstatic.com/images/branding/product/1x/googleg_48dp.png","Phòng đẹp, sạch sẽ. Dịch vụ tốt. Lễ tân lịch sự và vị trí đẹp.","Xem thêm","","","","","","Chia sẻ","Thông tin phản hồi từ chủ sở hữu","5 tháng trước","Kính gửi Trí Vũ,
Lời chào trân trọng từ Khách sạn & Căn hộ Oakwood Sài Gòn,
Cảm ơn bạn rất nhiều vì đã dành thời gian đánh giá và viết nhận xét này cho …","Thích","Xem thêm","Bản dịch của Google","・","Xem bản gốc (Tiếng Anh)"
"https://lh3.googleusercontent.com/a/ACg8ocKgdQ-YDjQJlNYUdPuWhK_SlymzKZH3sAGzTX01NBNxN8-tzA=w50-h50-p-rp-mo-br100","Nha Trang","5 bài đánh giá · 4 ảnh","","5/5","9 tháng trước trên","Google","https://www.gstatic.com/images/branding/product/1x/googleg_48dp.png","Tôi đã ở ks Oakwood tại Tp Hồ Chí Minh trong chuyến công tác vừa rồi. Đây quả thật là một nơi đã cho tôi trải nghiệm các dịch vụ chuyên nghiệp, tinh tế đến từng chi tiết, xứng đáng là ks đạt tiêu chuẩn đẳng cấp quốc tế. Phòng ốc sạch sẽ, …","Xem thêm","","","","","","Chia sẻ","Thông tin phản hồi từ chủ sở hữu","9 tháng trước","Kính gửi Nha Trang,
Lời chào trân trọng từ Khách sạn & Căn hộ Oakwood Saigon,
Cảm ơn quý khách đã dành thời gian đánh giá và viết nhận xét này cho chúng tôi. …","Thích","Xem thêm","Bản dịch của Google","・","Xem bản gốc (Tiếng Anh)"
"https://lh3.googleusercontent.com/a/ACg8ocJveXIcoNsWX1SLpzeHjx5fWx2XBT4YavKEpBXIp1OGlKnvEw=w50-h50-p-rp-mo-br100","Hoa Lê","2 bài đánh giá · 2 ảnh","","5/5","một năm trước trên","Google","https://www.gstatic.com/images/branding/product/1x/googleg_48dp.png","Khách sạn thật sự xứng đáng 5 sao – từ không gian sang trọng, tiện nghi hiện đại đến đội ngũ nhân viên vô cùng chuyên nghiệp và nhiệt tình. Mọi chi tiết đều được chăm chút kỹ lưỡng, mang đến cảm giác thoải mái và đẳng cấp. Rất xịn xò và đáng để quay lại!","Xem thêm","","","","","","Chia sẻ","Thông tin phản hồi từ chủ sở hữu","một năm trước","Kính gửi Hoa Lê,
Lời chào trân trọng từ Khách sạn & Căn hộ Oakwood Saigon,
Cảm ơn bạn rất nhiều vì đã dành thời gian đánh giá và viết nhận xét này cho …","Thích","Xem thêm","Bản dịch của Google","・","Xem bản gốc (Tiếng Anh)"
"https://lh3.googleusercontent.com/a-/ALV-UjWp5Kybe0bTIi75a66VunYNg4yJcUiVxJeG2sjG1yoICHQ-UpKN=w50-h50-p-rp-mo-br100","Su Van","9 bài đánh giá · 3 ảnh","","5/5","3 tháng trước trên","Google","https://www.gstatic.com/images/branding/product/1x/googleg_48dp.png","Phòng đẹp, vị trí đẹp, nhân viên dễ thương, dịch vụ ok","Xem thêm","","","","","","Chia sẻ","Thông tin phản hồi từ chủ sở hữu","3 tháng trước","Kính gửi Su Van,
Lời chào trân trọng từ Khách sạn & Căn hộ Oakwood Saigon,
Cảm ơn bạn rất nhiều vì đã dành thời gian đánh giá và viết nhận xét này cho …","Thích","Xem thêm","Bản dịch của Google","・","Xem bản gốc (Tiếng Anh)"
"https://lh3.googleusercontent.com/local-reviews/AJMZ0QfnSFWXMd1oJu73a6IhdtgibYcjse2HKQTHeghNQd9Cyw8DYQQJZDCyh-TD68ehXuY-FA=w50-h50-p-rp-br100","Roving11888099447","","","5/5","6 tháng trước trên","Tripadvisor","https://www.gstatic.com/travel-hotels/branding/icon_100532569.png","Tôi đã ở đây và cực kỳ thích cách họ phục vụ, mọi thứ đều rất chỉn chu và tận tâm. Sẽ quay lại vào lần tới 🤩 …","","","","","","","","","","","","","","",""
"https://lh3.googleusercontent.com/a-/ALV-UjXSIUb36j5K0--QuB0s35iPH6oCZ5xtSvk189NqqTxIKMxgrNf2LQ=w50-h50-p-rp-mo-ba12-br100","Kim Le","Local Guide · 214 bài đánh giá · 1.334 ảnh","","5/5","một năm trước trên","Google","https://www.gstatic.com/images/branding/product/1x/googleg_48dp.png","Mình và bạn chọn ở Oakwood vì gần landmark 81, gần train station (Tân Cảng) để ra Quận 1, tiện ăn uống vui chơi mua sắm với bạn bè. Phòng ốc rộng rãi, sạch sẽ, đầy đủ tiện nghi, dạng service apartment có phòng khách tách biệt với phòng ngủ, …","Xem thêm","","","","","","Chia sẻ","Thông tin phản hồi từ chủ sở hữu","một năm trước","Kính gửi Cô Kim Lê,

Chào mừng từ Khách sạn & Căn hộ Oakwood Sài Gòn! …","","Xem thêm","Bản dịch của Google","・","Xem bản gốc (Tiếng Anh)"
"https://lh3.googleusercontent.com/a/ACg8ocIw2jOK1lNx1cQeZDpg6QJmhiTQkw-kqQ5YMciT1URr4G951g=w50-h50-p-rp-mo-br100","Vũ Nguyên","3 bài đánh giá · 2 ảnh","","5/5","10 tháng trước trên","Google","https://www.gstatic.com/images/branding/product/1x/googleg_48dp.png","Nhân viên khách sạn thân thiện, hỗ trợ nhiệt tình
Phòng rộng thoải mái,sạch sẽ, cảm giác như ở nhà hơn là khách sạn
Gần landmark 81,thuận tiện đi lại …","Xem thêm","","","","","","Chia sẻ","Thông tin phản hồi từ chủ sở hữu","10 tháng trước","Thân gửi Vũ Nguyên,
Lời chào trân trọng từ Khách sạn & Căn hộ Oakwood Sài Gòn,
Cảm ơn quý khách rất nhiều vì đã dành thời gian đánh giá và viết bài nhận xét …","Thích","Xem thêm","Bản dịch của Google","・","Xem bản gốc (Tiếng Anh)"
"https://lh3.googleusercontent.com/a/ACg8ocKtPj8UpEO07yTAMzoozwLbwBAhwi1wvIXpqqEw6dj71XbSlw=w50-h50-p-rp-mo-br100","Ai Le","1 bài đánh giá","","5/5","một năm trước trên","Google","https://www.gstatic.com/images/branding/product/1x/googleg_48dp.png","Lần đầu mình trải nghiệm dịch vụ ở khách sạn và rất hài lòng. Phòng ở sạch sẽ, nhân viên nhiệt tình hỗ trợ ngay lúc mình cần. Vị trí Khách sạn thì gần Metro và Landmark81, rất hợp lý với nhu cầu muốn đi tham quan của gia đình của mình.","Xem thêm","","","","","","Chia sẻ","Thông tin phản hồi từ chủ sở hữu","một năm trước","Kính gửi Ai Lê,
Lời chào trân trọng từ Khách sạn & Căn hộ Oakwood Sài Gòn,
Cảm ơn bạn rất nhiều vì đã dành thời gian đánh giá và viết nhận xét này cho …","Thích","Xem thêm","Bản dịch của Google","・","Xem bản gốc (Tiếng Anh)"
"https://lh3.googleusercontent.com/a-/ALV-UjUO9M9PpFCdM6hsO5JfEBhEgUUUIGAtxhvI0HieDW8UkVZH-RlC=w50-h50-p-rp-mo-br100","Doan Duc Nguyen","10 bài đánh giá · 2 ảnh","","5/5","7 tháng trước trên","Google","https://www.gstatic.com/images/branding/product/1x/googleg_48dp.png","Nhân viên thân thiện, dịch vụ tốt, phòng hiện đại, view đẹp, sẽ quay lại dịp sau","Xem thêm","","","","","","Chia sẻ","Thông tin phản hồi từ chủ sở hữu","7 tháng trước","Kính gửi ông Đoàn Đức Nguyễn,
Lời chào trân trọng từ Khách sạn & Căn hộ Oakwood Sài Gòn,
Cảm ơn ông/bà đã dành thời gian đánh giá và viết nhận xét cho chúng tôi. …","Thích","Xem thêm","Bản dịch của Google","・","Xem bản gốc (Tiếng Anh)"
"https://lh3.googleusercontent.com/a-/ALV-UjWEuGAFErxTyE4dEfDSG0KBdZTWHp2lxOvTECcT1--i7UYcs9fw=w50-h50-p-rp-mo-br100","Nguyễn Hoàng Khang","2 bài đánh giá","","5/5","9 tháng trước trên","Google","https://www.gstatic.com/images/branding/product/1x/googleg_48dp.png","Khách sạn rất là tốt từ dịch vụ , phòng cho đến các bạn nhân viên, mình rất thích cách phục vụ và tôn trọng khách hàng của khách sạn. Chắc chắn sẽ quay lại vào lần tiếp theo 🥰 …","Xem thêm","","","","","","Chia sẻ","Thông tin phản hồi từ chủ sở hữu","9 tháng trước","Kính gửi ông Nguyễn Hoàng Khang,
Lời chào trân trọng từ Khách sạn & Căn hộ Oakwood Saigon,
Cảm ơn ông rất nhiều vì đã dành thời gian đánh giá và viết nhận xét cho chúng …","Thích","Xem thêm","Bản dịch của Google","・","Xem bản gốc (Tiếng Anh)"
"https://lh3.googleusercontent.com/a-/ALV-UjWCHdaZp4TnNgMvLJNFkA2W3xsigXhBeKTsXk-DCV75HMCrbis=w50-h50-p-rp-mo-br100","09 - Nguyễn Thị Trà My","6 bài đánh giá","","5/5","10 tháng trước trên","Google","https://www.gstatic.com/images/branding/product/1x/googleg_48dp.png","Tôi đã có những trải nghiệm thật sự tuyệt vời tại nơi đây khi đi cùng bạn. Ngay từ lúc nhận phòng, chúng tôi đã cảm nhận được sự thân thiện và hiếu khách từ đội ngũ nhân viên – luôn niềm nở, tận tình hỗ trợ. Không gian phòng sạch sẽ, gọn …","Xem thêm","","","","","","Chia sẻ","Thông tin phản hồi từ chủ sở hữu","10 tháng trước","Kính gửi bà Nguyễn Thị Trà Mỹ,
Lời chào trân trọng từ Khách sạn & Căn hộ Oakwood Sài Gòn,
Cảm ơn bà đã dành thời gian đánh giá và viết nhận xét cho chúng tôi. …","Thích","Xem thêm","Bản dịch của Google","・","Xem bản gốc (Tiếng Anh)"
"https://lh3.googleusercontent.com/a-/ALV-UjUyIFBwb3sY_kjBz9UkQCKNjmNbHZ-WyH1wRsEPZlrW-4OT1N4p9A=w50-h50-p-rp-mo-ba12-br100","Nguyen Thi Cam Tien","Local Guide · 14 bài đánh giá · 14 ảnh","","5/5","một năm trước trên","Google","https://www.gstatic.com/images/branding/product/1x/googleg_48dp.png","Mùnh muốn hỏi ad về giá giữ xe ở bãi xe tầng hầm, bảng giá xe niêm yết có mấy ngàn thôi, vậy tại sao mình đi lúc 5h30 sáng thì bảo vệ thu tiền xe tận 40.000, họ noi lý do là trước 6h thu 40.000, trong khi đó bảng giá mình đọc mà khoonh thấy ghi, giải thích giúp mình","Xem thêm","","","","","","Chia sẻ","Thông tin phản hồi từ chủ sở hữu","một năm trước","Kính gửi bà Nguyễn Thị Cẩm Tiến,
Lời chào trân trọng từ Khách sạn & Căn hộ Oakwood Sài Gòn,
Cảm ơn bà đã dành thời gian đánh giá và viết nhận xét cho chúng tôi. …","Thích","Xem thêm","Bản dịch của Google","・","Xem bản gốc (Tiếng Anh)"
"https://lh3.googleusercontent.com/a-/ALV-UjWt43N66LvqZwcSRO2YyLkbCina3JBPQOpc0RMTvd1oNMPKxGXP=w50-h50-p-rp-mo-ba12-br100","Trung Tran","Local Guide · 29 bài đánh giá · 116 ảnh","","5/5","một năm trước trên","Google","https://www.gstatic.com/images/branding/product/1x/googleg_48dp.png","Là một khách sạn căn hộ ngay trung tâm thành phố, gần với các địa điểm hot Thành phố. Phòng ốc hiện đại, sang trọng, lối kiến trúc trẻ trung. Có các hạng phòng và view để lựa chọn ( tầng cao đối diện Landmark 81 là một lựa chọn hoàn hảo). …","Xem thêm","","","","","","Chia sẻ","Thông tin phản hồi từ chủ sở hữu","một năm trước","Kính gửi ông Trung,
Lời chào trân trọng từ Khách sạn & Căn hộ Oakwood Sài Gòn,
Cảm ơn ông đã dành thời gian đánh giá và viết nhận xét này cho chúng tôi. …","Thích","Xem thêm","Bản dịch của Google","・","Xem bản gốc (Tiếng Anh)"
"https://lh3.googleusercontent.com/a-/ALV-UjX9roDsLn0DPxbRBVW061NC4_vXIMmceXT49z90-1lJ9EqEuXKsyA=w50-h50-p-rp-mo-br100","Đỗ Tâm","2 bài đánh giá · 2 ảnh","","5/5","một năm trước trên","Google","https://www.gstatic.com/images/branding/product/1x/googleg_48dp.png","Không gian thoáng mát, phòng ốc thì siêu hợp gu với mình hiii. Mấy anh chị nhân viên thì nhiệt tình nữa. Nói chung nếu có quay lại sẽ tiếp tục ưu tiên đầu tiên","Xem thêm","","","","","","Chia sẻ","Thông tin phản hồi từ chủ sở hữu","một năm trước","Kính gửi Đỗ Tâm,
Lời chào trân trọng từ Khách sạn & Căn hộ Oakwood Saigon,
Cảm ơn bạn rất nhiều vì đã dành thời gian đánh giá và viết nhận xét này cho …","Thích","Xem thêm","Bản dịch của Google","・","Xem bản gốc (Tiếng Anh)"
"https://lh3.googleusercontent.com/a-/ALV-UjUHynh60vBWwfnzs3Ln2tB2ANCeO2HV4hC-ALgvk5078doprl4H=w50-h50-p-rp-mo-br100","Lan Anh Nguyễn","2 bài đánh giá","","5/5","8 tháng trước trên","Google","https://www.gstatic.com/images/branding/product/1x/googleg_48dp.png","Mình đến đây tuy chỉ ở ít ngày nhưng thật sự rất bất ngờ và ấn tượng với cách phục vụ ở nơi đây, cám ơn các bạn lễ tân, buồng phòng, các bạn bảo vệ và những bạn nhân viên khác đã luôn hết mình vì công việc để đảm bảo dịch vụ khách sạn luôn ở mức tốt nhất 😊😊 …","Xem thêm","","","","","","Chia sẻ","Thông tin phản hồi từ chủ sở hữu","8 tháng trước","Kính gửi Lan Anh Nguyễn,
Lời chào trân trọng từ Khách sạn & Căn hộ Oakwood Saigon,
Cảm ơn bạn rất nhiều vì đã dành thời gian đánh giá và viết nhận xét này cho …","Thích","Xem thêm","Bản dịch của Google","・","Xem bản gốc (Tiếng Anh)"
"https://lh3.googleusercontent.com/a-/ALV-UjXKzLw4beLjjphCATf4Ai9BEdTSRBecTiwPsIdPzcO6w99Tk6sL=w50-h50-p-rp-mo-br100","Lân World Breaker","1 bài đánh giá","","5/5","một năm trước trên","Google","https://www.gstatic.com/images/branding/product/1x/googleg_48dp.png","Đây đúng là lựa chọn đúng đắn cho kỳ nghỉ của mình tại TP.HCM. Vị trí thuận tiện, cơ sở vật chất hiện đại và dịch vụ chuyên nghiệp và rất ân cần với khách hàng, khách sạn này đã để lại cho mình một kỳ nghỉ đáng nhớ. …","Xem thêm","","","","","","Chia sẻ","Thông tin phản hồi từ chủ sở hữu","một năm trước","Kính gửi Lân World Breaker,
Lời chào trân trọng từ Khách sạn & Căn hộ Oakwood Saigon,
Cảm ơn bạn rất nhiều vì đã dành thời gian đánh giá và viết nhận xét này cho …","Thích","Xem thêm","Bản dịch của Google","・","Xem bản gốc (Tiếng Anh)"
"https://lh3.googleusercontent.com/a/ACg8ocIjk_flBm1jfBSUTeSEe7NqvHU7kEpe6EN8xYZtHcNxt9ufPw=w50-h50-p-rp-mo-br100","LuuHuynh瀏","3 bài đánh giá · 11 ảnh","","5/5","một năm trước trên","Google","https://www.gstatic.com/images/branding/product/1x/googleg_48dp.png","Đồ ăn thì làm khẩu vị vừa ăn ngon, phục vụ nhiệt tình dễ thương, vị trí quán cũng dễ tìm quán decore cũng ổn, website làm bắt mắt dễ thương, nhưng có điểm trừ là khẩu phần quá ít so với giá, ốc len xào dừa ko đắt nhưng 1 phần có xíu à. Mong quán điều chỉnh lại phù hợp hơn.","Xem thêm","","","","","","Chia sẻ","Thông tin phản hồi từ chủ sở hữu","một năm trước","Kính gửi Quý khách Lưu Huy,
Lời chào trân trọng từ Khách sạn & Căn hộ Oakwood Sài Gòn,
Cảm ơn quý khách đã dành thời gian đánh giá và viết nhận xét này cho chúng tôi. …","Thích","Xem thêm","Bản dịch của Google","・","Xem bản gốc (Tiếng Anh)"
"https://lh3.googleusercontent.com/a-/ALV-UjVouJ3ys8LVIfmsnfVwQaBqPgdwqKNZALVXVhlF1uXtBhQAh8He=w50-h50-p-rp-mo-br100","đức duy Võ","4 bài đánh giá · 1 ảnh","","5/5","2 năm trước trên","Google","https://www.gstatic.com/images/branding/product/1x/googleg_48dp.png","Khách sạn ở vị trí thuận tiện, có dịch vụ xe shuttle bus miễn phí đi trung tâm thành phố. View sông Sài Gòn và Landmark rất đẹp, phòng rộng rãi và đầy đủ tiện nghi. Đội ngũ nhân viên và dịch vụ tại đây rất tốt. Sẽ ghé lại nếu có dịp đến Sài Gòn.","Xem thêm","","","","","","Chia sẻ","Thông tin phản hồi từ chủ sở hữu","2 năm trước","Kính gửi anh Duy,
Xin gửi lời chào trân trọng nhất từ ​​Khách sạn & Căn hộ Oakwood Sài Gòn,
Cảm ơn anh rất nhiều vì đã dành thời gian đánh giá tuyệt vời này và viết bài …","Thích","Xem thêm","Bản dịch của Google","・","Xem bản gốc (Tiếng Anh)"
"https://lh3.googleusercontent.com/a-/ALV-UjUX53RsGyHv9ayxcqUUwqUCHi1i202bJiRNEYp8X_fob8maqcw=w50-h50-p-rp-mo-br100","Phúc Hậu Dễ Thương","3 bài đánh giá","","5/5","11 tháng trước trên","Google","https://www.gstatic.com/images/branding/product/1x/googleg_48dp.png","Mọi thứ ở đây thật tuyệt vời.  Hài lòng 500%. Hãy gìn giữ và phát huy những điều tốt đẹp đang có. Chúc thành công!
❤️❤️❤️❤️❤️❤️","Xem thêm","","","","","","Chia sẻ","Thông tin phản hồi từ chủ sở hữu","11 tháng trước","Kính gửi Phúc Hậu Dễ Thương,
Lời chào trân trọng từ Khách sạn & Căn hộ Oakwood Sài Gòn,
Cảm ơn quý khách đã dành thời gian đánh giá và viết nhận xét này cho chúng tôi. …","Thích","Xem thêm","Bản dịch của Google","・","Xem bản gốc (Tiếng Anh)"
"https://lh3.googleusercontent.com/a-/ALV-UjUGBjqoIinUGvOYe5bsqMbiJf5rTQcoR7P-5cByf5O_71VzP-NvgQ=w50-h50-p-rp-mo-br100","3620_Nguyễn Thị Thanh Thùy","2 bài đánh giá","","5/5","một năm trước trên","Google","https://www.gstatic.com/images/branding/product/1x/googleg_48dp.png","Không gian thoải mái, sang trọng, nhân viên phục vụ tận tâm. Cảm ơn khách sạn đã mang đến trải nghiệm tốt khi tôi công tác ở đây","Xem thêm","","","","","","Chia sẻ","Thông tin phản hồi từ chủ sở hữu","một năm trước","Kính gửi bà Nguyễn Thị Thanh Thùy,
Lời chào trân trọng từ Khách sạn & Căn hộ Oakwood Saigon,
Cảm ơn bà rất nhiều vì đã dành thời gian đánh giá và viết nhận xét này cho chúng …","Thích","Xem thêm","Bản dịch của Google","・","Xem bản gốc (Tiếng Anh)"
"https://lh3.googleusercontent.com/a-/ALV-UjVY-BCi_4kbrKu31poyanp1yWz7MlEDkk_4mXtmDWobsvZeNMpV=w50-h50-p-rp-mo-br100","Hồng Nhung","4 bài đánh giá","","5/5","một năm trước trên","Google","https://www.gstatic.com/images/branding/product/1x/googleg_48dp.png","rất thích không khí tại khách sạn
Phòng rất sạch sẽ, thoải mái, giường và gối rất mềm mại, êm ái
Các bạn nhân viên cực kì thân thiện và niềm nở …","Xem thêm","","","","","","Chia sẻ","Thông tin phản hồi từ chủ sở hữu","một năm trước","Kính gửi Hồng Nhung,
Lời chào trân trọng từ Khách sạn & Căn hộ Oakwood Sài Gòn,
Cảm ơn bạn rất nhiều vì đã dành thời gian đánh giá và viết nhận xét này cho …","Thích","Xem thêm","Bản dịch của Google","・","Xem bản gốc (Tiếng Anh)"
"https://lh3.googleusercontent.com/a/ACg8ocK0zIqvyLdtUFmXUfOCuArrgTLjLbyntQknnYoOmn3epw8m_w=w50-h50-p-rp-mo-ba12-br100","Trung Nguyen","Local Guide · 139 bài đánh giá · 1.908 ảnh","","5/5","một năm trước trên","Google","https://www.gstatic.com/images/branding/product/1x/googleg_48dp.png","Khách sạn có không gian rộng rãi. Phòng rộng và đẹp, đầy đủ tiện nghi. Phòng có view nhìn ra bờ sông. Nhân viên dễ thương, thân thiện. Bãi giữ xe rộng rãi. Xứng đáng với giá tiền. Gần công ty nên tiện đi lại.","Xem thêm","","","","","","Chia sẻ","Thông tin phản hồi từ chủ sở hữu","một năm trước","Kính gửi ông Trung Nguyên,
Lời chào trân trọng từ Khách sạn & Căn hộ Oakwood Sài Gòn, Cảm ơn ông đã dành thời gian đánh giá và viết nhận xét này cho chúng tôi. Chúng tôi rất vui mừng vì …","Thích","Xem thêm","Bản dịch của Google","・","Xem bản gốc (Tiếng Anh)"
"https://lh3.googleusercontent.com/a-/ALV-UjWoB3C_ez5wySeUzi6SFxNsiAYZCBC_wvwJwrMACXfSBaDGQj7T=w50-h50-p-rp-mo-br100","Ngọc Ánh","2 bài đánh giá","","5/5","một năm trước trên","Google","https://www.gstatic.com/images/branding/product/1x/googleg_48dp.png","tôi đã có trải nghiệm tuyệt vời tại đây vào cuối tuần , khách sạn có view đẹp , nhân viên thân thiện dễ thương , chắc chắn tôi sẽ quay lại nếu có dịp","Xem thêm","","","","","","Chia sẻ","Thông tin phản hồi từ chủ sở hữu","một năm trước","Kính gửi cô Ngọc Anh,
Lời chào trân trọng từ Khách sạn & Căn hộ Oakwood Sài Gòn,
Cảm ơn cô rất nhiều vì đã dành thời gian đánh giá và viết nhận xét này cho chúng …","Thích","Xem thêm","Bản dịch của Google","・","Xem bản gốc (Tiếng Anh)"
"https://lh3.googleusercontent.com/a/ACg8ocJeaX4UAtqsVyyJRGWJQC3VwxmucwX2LrgCHNDuKBE_OHxMug=w50-h50-p-rp-mo-br100","TRƯƠNG THANH PHƯƠNG","3 bài đánh giá","","5/5","Thời gian chỉnh sửa: một năm trước trên","Google","https://www.gstatic.com/images/branding/product/1x/googleg_48dp.png","Sau nhiều lần công tác tại Tp. Hồ Chí Minh đây là nơi đầu tiên tôi lựa chọn để nghỉ ngơi trong những chuyến công tác. Nhân viên ở đây cực kì thân thiện và nhiệt tình. Phòng ốc rộng rãi đầy đủ tiện nghi, phòng luôn trong trạng thái sạch sẽ sau khi tôi tan làm về. Một trải nghiệm tuyệt vời !","Xem thêm","","","","","","Chia sẻ","Thông tin phản hồi từ chủ sở hữu","một năm trước","Kính gửi ông Phương,
Lời chào trân trọng từ Khách sạn & Căn hộ Oakwood Sài Gòn,
Cảm ơn ông rất nhiều vì đã dành thời gian đánh giá và viết nhận xét này cho …","Thích","Xem thêm","Bản dịch của Google","・","Xem bản gốc (Tiếng Anh)"
"https://lh3.googleusercontent.com/a-/ALV-UjU7R2W9lfR3l5tznuzzJAbGmC3Vt19MhpZd4h0fOx5u1EabQzQ=w50-h50-p-rp-mo-ba12-br100","Châu","Local Guide · 29 bài đánh giá · 59 ảnh","","5/5","một năm trước trên","Google","https://www.gstatic.com/images/branding/product/1x/googleg_48dp.png","Phòng ở đây rộng và sạch sẽ, tuy nhiên phải đi taxi khoảng 5 phút vào trung tâm. Giá phòng rất rẻ, buổi tối view sông rất đẹp.","Xem thêm","","","","","","Chia sẻ","Thông tin phản hồi từ chủ sở hữu","một năm trước","Kính gửi ông Châu,
Lời chào trân trọng từ Khách sạn & Căn hộ Oakwood Sài Gòn,
Cảm ơn ông rất nhiều vì đã dành thời gian đánh giá và viết nhận xét này cho …","Thích","Xem thêm","Bản dịch của Google","・","Xem bản gốc (Tiếng Anh)"
"https://lh3.googleusercontent.com/a-/ALV-UjUy6Z31-f1nkbEk3tA_aRS3j_8ma7het6TJ_ZCQ1rrNeMEqKGEc=w50-h50-p-rp-mo-ba12-br100","Toan Trinh Xuan","Local Guide · 532 bài đánh giá · 2.325 ảnh","","5/5","2 năm trước trên","Google","https://www.gstatic.com/images/branding/product/1x/googleg_48dp.png","Phòng rất rộng và đẹp (1,4tr) có bồn tắm.
Có buffet sáng tầng 12, quầy bar dưới sảnh.
Chỗ đậu xe hơi trước cửa. …","Xem thêm","","","","","","Chia sẻ","Thông tin phản hồi từ chủ sở hữu","2 năm trước","Kính gửi ông Toàn Trinh Xuân,

Lời chào từ Khách sạn & Căn hộ Oakwood Sài Gòn! …","","Xem thêm","Bản dịch của Google","・","Xem bản gốc (Tiếng Anh)"
"https://lh3.googleusercontent.com/a-/ALV-UjW55EiUJ2HU2ho5gVuO77jDfQ0DC2nGwE4fHZLB8Z2o-zRs7Yk=w50-h50-p-rp-mo-br100","Han Dinh","3 bài đánh giá · 1 ảnh","","5/5","4 tháng trước trên","Google","https://www.gstatic.com/images/branding/product/1x/googleg_48dp.png","Không gian đẹp, nhân viên dễ thương ✨","Xem thêm","","","","","","Chia sẻ","Thông tin phản hồi từ chủ sở hữu","4 tháng trước","Kính gửi ông Han Dinh,
Lời chào trân trọng từ Khách sạn & Căn hộ Oakwood Saigon,
Cảm ơn ông/bà đã dành thời gian đánh giá và viết nhận xét cho chúng tôi. …","Thích","Xem thêm","Bản dịch của Google","・","Xem bản gốc (Tiếng Anh)"
"https://lh3.googleusercontent.com/a-/ALV-UjUIzS0SwK3EfgfhsfXkxwh7vRoiXThGHAu_2vqHOonMb-WegtdU=w50-h50-p-rp-mo-ba12-br100","tt_ hoa","Local Guide · 166 bài đánh giá · 798 ảnh","","5/5","một năm trước trên","Google","https://www.gstatic.com/images/branding/product/1x/googleg_48dp.png","Phòng rộng và nội thất ổn, thiết kế hiện đại.  So giá phòng trung bình thì được coi là một deal tốt. Chỉ vị trí thì ko được trung tâm lắm.","Xem thêm","","","","","","Chia sẻ","Thông tin phản hồi từ chủ sở hữu","một năm trước","Kính gửi chị Hoa,
Lời chào trân trọng từ Khách sạn & Căn hộ Oakwood Sài Gòn,
Cảm ơn chị đã dành thời gian đánh giá và viết nhận xét cho chúng tôi. …","Thích","Xem thêm","Bản dịch của Google","・","Xem bản gốc (Tiếng Anh)"
"https://lh3.googleusercontent.com/a/ACg8ocIaX8qJ8YHYm7xcGnYylReRdFnJn4KBqRxCBWlL4zabNTXTkw=w50-h50-p-rp-mo-ba12-br100","Ngọc Dung Dương","Local Guide · 118 bài đánh giá · 3 ảnh","","5/5","2 năm trước trên","Google","https://www.gstatic.com/images/branding/product/1x/googleg_48dp.png","Phòng rộng, đầy đủ tiện nghi, mới, sạch sẽ, yên tĩnh, view sông Sài Gòn. Điểm trừ phòng duy nhất là tv không phải smart tv, không xem được youtube hay netflix. Nhân viên chu đáo, dịch vụ tốt.","Xem thêm","","","","","","Chia sẻ","Thông tin phản hồi từ chủ sở hữu","2 năm trước","Kính gửi bà Dung,
Lời chào trân trọng từ Khách sạn & Căn hộ Oakwood Saigon, Cảm ơn bà đã dành thời gian đánh giá và viết nhận xét cho chúng tôi. Chúng tôi rất vui mừng vì bà đã …","Thích","Xem thêm","Bản dịch của Google","・","Xem bản gốc (Tiếng Anh)"
"https://lh3.googleusercontent.com/a-/ALV-UjUJPDwJFihv0rFSfhe76TMoR5Dp2_bRl_0fmub9hjrZsBmWmE-Z=w50-h50-p-rp-mo-br100","Linh","3 bài đánh giá","","5/5","Thời gian chỉnh sửa: một năm trước trên","Google","https://www.gstatic.com/images/branding/product/1x/googleg_48dp.png","Trải nghiệm tuyệt vời khi lưu trú tại Oakwood, lễ tân thân thiện, nhân viên làm phòng rất nhiệt tình, phòng rộng rãi thoáng mát, đồ ăn sáng buffet khá hợp khẩu vị, sẽ quay lại trong nhiều lần tiếp theo.","Xem thêm","","","","","","Chia sẻ","Thông tin phản hồi từ chủ sở hữu","2 năm trước","Kính gửi ông Linh,
Lời chào trân trọng từ Khách sạn & Căn hộ Oakwood Sài Gòn,
Cảm ơn ông rất nhiều vì đã dành thời gian đánh giá và viết nhận xét tuyệt vời …","Thích","Xem thêm","Bản dịch của Google","・","Xem bản gốc (Tiếng Anh)"
"https://lh3.googleusercontent.com/a/ACg8ocI38le1z7JmhymskEO4sofB4rRK_TC98P4FjmuTHCm63JOyuw=w50-h50-p-rp-mo-ba12-br100","MrKendat0108","Local Guide · 10 bài đánh giá · 8 ảnh","","5/5","2 năm trước trên","Google","https://www.gstatic.com/images/branding/product/1x/googleg_48dp.png","Dịch vụ tốt, phòng view nhìn ra sông Sài Gòn rất đẹp. Khu vực lobby lounge rộng rãi, trang trí màu sắc sinh động. Sẽ quay lại lưu trú ở đây trong tương lai.","Xem thêm","","","","","","Chia sẻ","Thông tin phản hồi từ chủ sở hữu","2 năm trước","Kính gửi anh Đạt,
Lời chào trân trọng từ Khách sạn & Căn hộ Oakwood Sài Gòn,
Cảm ơn anh rất nhiều vì đã dành thời gian đánh giá tuyệt vời này và viết bài …","Thích","Xem thêm","Bản dịch của Google","・","Xem bản gốc (Tiếng Anh)"
"https://lh3.googleusercontent.com/a-/ALV-UjUrGOsqbJm6aO9LmFmguD6gK3t74WyCTH0xnI9YTJXKvGHzB6PY=w50-h50-p-rp-mo-br100","Vân Nguyễn","3 bài đánh giá · 1 ảnh","","5/5","một năm trước trên","Google","https://www.gstatic.com/images/branding/product/1x/googleg_48dp.png","Khách sạn có view bờ sông rất đẹp, nhân viên rất thân thiện luôn hỗ trợ tôi lúc cần , phòng sạch sẽ , giường rất thoải mái , tôi đã ngủ rất ngon , tôi sẽ quay lại khi vào sài gòn lần tiếp theo","Xem thêm","","","","","","Chia sẻ","Thông tin phản hồi từ chủ sở hữu","một năm trước","Kính gửi bà Van,
Lời chào trân trọng từ Khách sạn & Căn hộ Oakwood Sài Gòn,
Cảm ơn bà rất nhiều vì đã dành thời gian đánh giá và viết nhận xét này cho chúng …","Thích","Xem thêm","Bản dịch của Google","・","Xem bản gốc (Tiếng Anh)"
"https://lh3.googleusercontent.com/a-/ALV-UjUoZnU5Oh0SnAQyFtF-BN4iWGYLut76Dw5gkr783ODFmzTjRak=w50-h50-p-rp-mo-br100","Mỹ Hoàng","2 bài đánh giá","","1/5","3 năm trước trên","Google","https://www.gstatic.com/images/branding/product/1x/googleg_48dp.png","Ngoài chi phí phòng ra thì khách bắt buộc phải cọc 1,000,000 VND cho chi phí phát sinh trước khi nhận phòng. Khách nào cũng phải cọc theo quy định của khách sạn nhưng không hề có thông báo nào về việc này một cách công khai. Thậm chí khi …","Xem thêm","","","","","","Chia sẻ","Thông tin phản hồi từ chủ sở hữu","3 năm trước","Kính gửi Quý khách Mỹ Hoàng,

Lời chào từ Khách sạn & Căn hộ Oakwood Sài Gòn! …","","Xem thêm","Bản dịch của Google","・","Xem bản gốc (Tiếng Anh)"
"https://lh3.googleusercontent.com/a/ACg8ocJI6Vz9N9Ksy6x1ANfagJs7KIarNTGCkx7Ucx3H3uD5F1tIKQ=w50-h50-p-rp-mo-br100","Mỹ Nhung Trần","1 bài đánh giá","","5/5","một năm trước trên","Google","https://www.gstatic.com/images/branding/product/1x/googleg_48dp.png","Phòng view đẹp; dịch vụ tốt; nhân viên thân thiện, nhiệt tình. Sẽ quay lại vào lần đến Saigon tiếp theo","Xem thêm","","","","","","Chia sẻ","Thông tin phản hồi từ chủ sở hữu","một năm trước","Kính gửi cô Nhung,
Lời chào trân trọng từ Khách sạn & Căn hộ Oakwood Saigon,
Cảm ơn cô rất nhiều vì đã dành thời gian đánh giá và viết nhận xét này cho chúng …","Thích","Xem thêm","Bản dịch của Google","・","Xem bản gốc (Tiếng Anh)"
"https://lh3.googleusercontent.com/a/ACg8ocIk-Vcdiz1nPf8OKGf-lXOfOG8_Omy_5n5pD-RS_ipbIQmq=w50-h50-p-rp-mo-ba12-br100","Nguyen Thi Mai Chi","Local Guide · 10 bài đánh giá · 22 ảnh","","4/5","2 năm trước trên","Google","https://www.gstatic.com/images/branding/product/1x/googleg_48dp.png","Mình có 2 đêm ở đây, đều đến muộn (11pm) và đi sớm (6am), với 2 trải nghiệm hoàn toàn khác biệt. Đêm đầu (10/7) mọi thứ hoàn hảo, bạn lễ tân cực kỳ support, dù đã muộn. Buổi thứ 2 (12/7), trải nghiệm hpanf toàn khác, bạn lễ tân đã làm mất …","Xem thêm","","","","","","Chia sẻ","Thông tin phản hồi từ chủ sở hữu","2 năm trước","Kính gửi bà Chi,
Cảm ơn bà đã dành thời gian chia sẻ trải nghiệm của mình tại Khách sạn & Căn hộ Oakwood Sài Gòn. Tôi rất tiếc vì trải nghiệm của bà không đáp ứng được kỳ vọng; …","Thích","Xem thêm","Bản dịch của Google","・","Xem bản gốc (Tiếng Anh)"
"https://lh3.googleusercontent.com/a/ACg8ocLcNHj9LqJt8exjt8USm1pDHsIyy2x8WRSwNBXe9m5urBHiJg=w50-h50-p-rp-mo-br100","Lan anh Phạm","1 bài đánh giá · 4 ảnh","","5/5","3 năm trước trên","Google","https://www.gstatic.com/images/branding/product/1x/googleg_48dp.png","Căn Studio Loft rất rộng rãi thoait mái cho gia đình, có khu vực bếp nhỏ nên mình có thể hâm đồ ăn cho e bé nhà mình thường xuyên. Buffet sáng trên tầng thượng có nhiều món và cảnh đẹp! nói chung mình rất hài lòng!","Xem thêm","","","","","","Chia sẻ","Thông tin phản hồi từ chủ sở hữu","3 năm trước","Dear Ms. Lan Anh Phạm,

Cảm ơn bạn đã chọn Oakwood Hotel & Apartments Saigon cho kỳ nghỉ vừa rồi của gia …","Thích","Xem thêm","","",""
"https://lh3.googleusercontent.com/a-/ALV-UjWlWGfRkR0HZsK0Bz1EPiKoVLbR5WILFWCSMq51fM1Mi2fWpKEp=w50-h50-p-rp-mo-br100","Lê Quế Anh","1 bài đánh giá · 1 ảnh","","5/5","một năm trước trên","Google","https://www.gstatic.com/images/branding/product/1x/googleg_48dp.png","Nhân viên chu đáo nhiệt tình dễ thương, phòng đẹp sạch sẽ. Không gian yên tĩnh, lần sau sẽ quay lại.","Xem thêm","","","","","","Chia sẻ","Thông tin phản hồi từ chủ sở hữu","một năm trước","Kính gửi Lê Quế Anh,
Lời chào trân trọng từ Khách sạn & Căn hộ Oakwood Sài Gòn,
Cảm ơn bạn rất nhiều vì đã dành thời gian đánh giá và viết nhận xét này cho …","Thích","Xem thêm","Bản dịch của Google","・","Xem bản gốc (Tiếng Anh)"
"https://lh3.googleusercontent.com/a-/ALV-UjV-V4SPgVmwh49g5_o4lshwgRxUBsIbLjWBBo3rlt0cUb2y9Gu-=w50-h50-p-rp-mo-br100","Quỳnh Như Lưu","3 bài đánh giá · 2 ảnh","","5/5","3 năm trước trên","Google","https://www.gstatic.com/images/branding/product/1x/googleg_48dp.png","Mình ở đúng ngày 20/10 nên được tặng bánh cupcake rất dễ thương hehe. Nhân viên thân thiện, check-in khá nhanh. Phòng rộng, đầy đủ tiện nghi và có view đẹp.","Xem thêm","","","","","","Chia sẻ","Thông tin phản hồi từ chủ sở hữu","3 năm trước","Kính gửi bà Lưu,

Chúng tôi rất biết ơn vì được bà lựa chọn là nơi lưu trú ưa thích trong dịp đặc …","Thích","Xem thêm","Bản dịch của Google","・","Xem bản gốc (Tiếng Anh)"
"https://lh3.googleusercontent.com/a-/ALV-UjUoR-t0Cp_8uzTYyHMMTxkKgtCuco2PTKyPcwI8GRqp1tzVbYc=w50-h50-p-rp-mo-ba12-br100","Boom Hùng","Local Guide · 800 bài đánh giá · 21.111 ảnh","","5/5","một năm trước trên","Google","https://www.gstatic.com/images/branding/product/1x/googleg_48dp.png","Oakwood Hotel & Apartments Saigion, Ung Văn Khiêm, Bình Thạnh,tphcm.

Tọa lạc tại vị trí nổi bật tại Quận Bình Thạnh, bên cạnh dòng sông Sài Gòn lịch …","Xem thêm","","","","","","Chia sẻ","Thông tin phản hồi từ chủ sở hữu","một năm trước","Kính gửi ông Nguyễn Lương Hùng,
Lời chào trân trọng từ Khách sạn & Căn hộ Oakwood Sài Gòn, Cảm ơn ông đã dành thời gian viết thư và đánh giá cho chúng tôi. Chúng tôi rất vui mừng vì ông đã lựa …","Thích","Xem thêm","Bản dịch của Google","・","Xem bản gốc (Tiếng Anh)"
"https://lh3.googleusercontent.com/a/ACg8ocKvwxGcvcgcxsl6PkyohGRZb2MQkL8eDPXjIMCSXkhRNm1EhIY=w50-h50-p-rp-mo-br100","thao nguyen","2 bài đánh giá","","5/5","Thời gian chỉnh sửa: một năm trước trên","Google","https://www.gstatic.com/images/branding/product/1x/googleg_48dp.png","Oakwood Hotel & Apartments Saigon là lựa chọn phù hợp cho những ai tìm kiếm không gian rộng rãi, tiện nghi hiện đại và dịch vụ chuyên nghiệp.","Xem thêm","","","","","","Chia sẻ","Thông tin phản hồi từ chủ sở hữu","Thời gian chỉnh sửa: một năm trước","Kính gửi cô Thảo,
Lời chào trân trọng từ Khách sạn & Căn hộ Oakwood Sài Gòn,
Cảm ơn cô rất nhiều vì đã dành thời gian đánh giá và viết nhận xét này cho chúng …","Thích","Xem thêm","Bản dịch của Google","・","Xem bản gốc (Tiếng Anh)"
"https://lh3.googleusercontent.com/a/ACg8ocKiQXVdG6y3Tl05leA-NrFHFIzmrrOrnVvlaJHzWLhokRCJDQ=w50-h50-p-rp-mo-br100","Duy Võ Đức","2 bài đánh giá","","5/5","2 năm trước trên","Google","https://www.gstatic.com/images/branding/product/1x/googleg_48dp.png","Các bạn lễ tân rất nhiệt tình và hiếu khách. Khách sạn ở vị trí thuận tiện gần trung tâm. Rất phù hợp để chọn làm nơi nghỉ ngơi khi công tác ở Sài Gòn. Sẽ quay lại vào các dịp tiếp theo","Xem thêm","","","","","","Chia sẻ","Thông tin phản hồi từ chủ sở hữu","2 năm trước","Kính gửi ông Duy,
Lời chào trân trọng từ Khách sạn & Căn hộ Oakwood Sài Gòn,
Cảm ơn ông rất nhiều vì đã dành thời gian đánh giá và viết nhận xét tuyệt vời …","","Xem thêm","Bản dịch của Google","・","Xem bản gốc (Tiếng Anh)"
"https://lh3.googleusercontent.com/a-/ALV-UjVWJtegNBHFe9U1juL_vyiKYG5dJa-hhoh88uMCvdEEuO20L928-w=w50-h50-p-rp-mo-br100","tuan Phan","7 bài đánh giá","","5/5","3 năm trước trên","Google","https://www.gstatic.com/images/branding/product/1x/googleg_48dp.png","Mình đã có một trải nghiệm tuyệt vời tại đây, nhân viên thân thiện và luôn hỗ trợ mình xách hành lý. Phòng rất rộng rãi, mình chưa ở khách sạn nào mà phòng rộng vậy luôn! Ks cũng có dvu xe bus miễn phí tới quận 1 nữa. Nói chung là với giá phòng và dịch vụ như vậy thì hơn cả mong đợi của mình! Sẽ quay lại trong dịp tới!!","Xem thêm","","","","","","Chia sẻ","Thông tin phản hồi từ chủ sở hữu","3 năm trước","Kính gửi anh Tuấn Phan,

Xin chào từ đội ngũ Oakwood Hotel & Apartments Sài Gòn! …","Thích","Xem thêm","Bản dịch của Google","・","Xem bản gốc (Tiếng Anh)"
"https://lh3.googleusercontent.com/a-/ALV-UjWQC_b4iWTGz8-NB3cCeLWgFMSkMPeCrg8pCGqmqEJMnZW3EwPn=w50-h50-p-rp-mo-ba12-br100","Thanh Nhàn","Local Guide · 72 bài đánh giá · 462 ảnh","","5/5","một năm trước trên","Google","https://www.gstatic.com/images/branding/product/1x/googleg_48dp.png","Thuận tiện đi lại, không gian ấm cúng, view đẹp, nhân viên thân thiện,  phòng sạch sẽ","Xem thêm","","","","","","Chia sẻ","Thông tin phản hồi từ chủ sở hữu","một năm trước","Kính gửi N T,
Lời chào trân trọng từ Khách sạn & Căn hộ Oakwood Sài Gòn,
Cảm ơn bạn rất nhiều vì đã dành thời gian đánh giá và viết nhận xét này cho …","Thích","Xem thêm","Bản dịch của Google","・","Xem bản gốc (Tiếng Anh)"
"https://lh3.googleusercontent.com/a-/ALV-UjWgDAQK2fH_iAfQCuh_MC-6Bcx0rpOg_xuo0CgBsWgKM_phwA=w50-h50-p-rp-mo-br100","Nguyễn Hiếu Nhi","4 bài đánh giá","","5/5","một năm trước trên","Google","https://www.gstatic.com/images/branding/product/1x/googleg_48dp.png","tôi đã có trải nghiệm tuyệt vời tại đây vào cuối tuần , khách sạn có view đẹp , nhân viên thân thiện dễ thương , tôi sẽ quay lại đây cho lần kỳ nghỉ tiếp theo","Xem thêm","","","","","","Chia sẻ","Thông tin phản hồi từ chủ sở hữu","một năm trước","Kính gửi cô Nhi,
Lời chào trân trọng từ Khách sạn & Căn hộ Oakwood Sài Gòn,
Cảm ơn cô rất nhiều vì đã dành thời gian đánh giá và viết nhận xét này cho chúng …","Thích","Xem thêm","Bản dịch của Google","・","Xem bản gốc (Tiếng Anh)"
"https://lh3.googleusercontent.com/a/ACg8ocKtSFjGpBB30vTcmuBT0oQevjkOrWGlKnPkmNG5aVWbFbHjIw=w50-h50-p-rp-mo-ba12-br100","Nguyễn Xuân Hậu","Local Guide · 20 bài đánh giá · 11 ảnh","","4/5","2 năm trước trên","Google","https://www.gstatic.com/images/branding/product/1x/googleg_48dp.png","Mỗi tháng tôi đều đi công tác tại Sài Gòn, và thường ở lại 3-7 ngày cho mỗi chuyến đi. Đây là lần đầu tôi viết đánh giá về 1 khách sạn, bởi vì đây là khách sạn đầu tiên mà tôi thực sự muốn review. …","Xem thêm","","","","","","Chia sẻ","Thông tin phản hồi từ chủ sở hữu","2 năm trước","Kính gửi ông Nguyễn Xuân Hậu,

Lời chào từ Khách sạn & Căn hộ Oakwood Sài Gòn! …","","Xem thêm","Bản dịch của Google","・","Xem bản gốc (Tiếng Anh)"
"https://lh3.googleusercontent.com/a/ACg8ocLg5kBJ5kG7X9p2-T3Jc_13H-Rtr1YsgEzmCSFynJM7t1fjqg=w50-h50-p-rp-mo-br100","khanhlinh02 nguyen","1 bài đánh giá","","5/5","một năm trước trên","Google","https://www.gstatic.com/images/branding/product/1x/googleg_48dp.png","Trải nghiệm tuyệt vời khi đến đây, phòng rộng rãi thoải mái, nhân viên khách sạn nhiệt tình thân thiện, sẽ quay lại trong thời gian tới","Xem thêm","","","","","","Chia sẻ","Thông tin phản hồi từ chủ sở hữu","một năm trước","Kính gửi ông Linh,
Lời chào trân trọng từ Khách sạn & Căn hộ Oakwood Sài Gòn,
Cảm ơn ông rất nhiều vì đã dành thời gian đánh giá và viết nhận xét này cho …","Thích","Xem thêm","Bản dịch của Google","・","Xem bản gốc (Tiếng Anh)"
"https://lh3.googleusercontent.com/a-/ALV-UjUNYLbS9oav4FDf1Bv--GzlJ7yLGz7ktmEA0KNoD-CLz1_tPQw=w50-h50-p-rp-mo-br100","Lan Hương Nguyễn","9 bài đánh giá · 9 ảnh","","5/5","2 năm trước trên","Google","https://www.gstatic.com/images/branding/product/1x/googleg_48dp.png","Mình đã có trải nghiệm rất tốt và thoải mái tại Oakwood. Phòng rộng, ks thiết kế đẹp so với giá tiền quá hợp lý. Vị trí hơi xa trung tâm nh bắt xe khá nhanh, ko bất tiện gì. Ấn tượng nhất anh nhân viên tiền sảnh tên Nguyên rất nhiệt tình, vui vẻ, dễ thương. Vote 5*","Xem thêm","","","","","","Chia sẻ","Thông tin phản hồi từ chủ sở hữu","2 năm trước","Kính gửi bà Lan Hương Nguyễn,

Khách sạn & Căn hộ Oakwood Sài Gòn xin gửi lời chào trân trọng! …","","Xem thêm","Bản dịch của Google","・","Xem bản gốc (Tiếng Anh)"
"https://lh3.googleusercontent.com/a-/ALV-UjUNYJOI_yrXp_pwRqn8J_QwUi3N7qjaze3R_MgH86vkJoffkZDBJg=w50-h50-p-rp-mo-br100","Hung Nguyen","2 bài đánh giá · 3 ảnh","","5/5","3 năm trước trên","Google","https://www.gstatic.com/images/branding/product/1x/googleg_48dp.png","Phòng rộng, sạch, nhân viên thân thiện & nhiệt tình. Ks có tv lớn xem world cup ở sảnh và có snack nhẹ luôn, nói chung mình rất hài lòng.","Xem thêm","","","","","","Chia sẻ","Thông tin phản hồi từ chủ sở hữu","3 năm trước","Kính gửi ông Hùng Nguyên,

Lời chào từ Khách sạn & Căn hộ Oakwood Sài Gòn! …","","Xem thêm","Bản dịch của Google","・","Xem bản gốc (Tiếng Anh)"
"https://lh3.googleusercontent.com/a-/ALV-UjXLolUje-rdtbxou2aluocn80vrg6-qRx9mvWOSLljGCzyzhKZC=w50-h50-p-rp-mo-br100","Nguyễn Thị Thùy Diễm","5 bài đánh giá · 5 ảnh","","5/5","một năm trước trên","Google","https://www.gstatic.com/images/branding/product/1x/googleg_48dp.png","Khách sạn tuyệt vời, phòng đẹp view đẹp phòng rộng rãi, giường và gối rộng rãi thơm mềm, nhân dễ thương","Xem thêm","","","","","","Chia sẻ","Thông tin phản hồi từ chủ sở hữu","một năm trước","Kính gửi bà Nguyễn Thị Thùy Diễm,
Lời chào trân trọng từ Khách sạn & Căn hộ Oakwood Saigon,
Cảm ơn bà rất nhiều vì đã dành thời gian đánh giá và viết nhận xét này cho chúng …","Thích","Xem thêm","Bản dịch của Google","・","Xem bản gốc (Tiếng Anh)"
"https://lh3.googleusercontent.com/a-/ALV-UjUWFqoSGRhuxawFgWzoCtozLlRJhFx2fmFl8VnXbkfyzxCUfL8=w50-h50-p-rp-mo-br100","Huỳnh Cát Tường","1 bài đánh giá","","5/5","một năm trước trên","Google","https://www.gstatic.com/images/branding/product/1x/googleg_48dp.png","Phòng sạch sẽ, lễ tân lễ phép vui vẻ tuy nhiều lúc mình hỏi 1 số thứ lúc hơi khuya. Nói chung mọi người yên tâm sử dụng dịch vụ ở đây","Xem thêm","","","","","","Chia sẻ","Thông tin phản hồi từ chủ sở hữu","một năm trước","Kính gửi cô Cát Tường,
Lời chào trân trọng từ Khách sạn & Căn hộ Oakwood Sài Gòn,
Cảm ơn cô rất nhiều vì đã dành thời gian đánh giá và viết nhận xét này cho chúng …","Thích","Xem thêm","Bản dịch của Google","・","Xem bản gốc (Tiếng Anh)"
"https://lh3.googleusercontent.com/a-/ALV-UjX8H5hfkgxBE9ddi8lrKVQUs_L7w9r3lTcilepoCo7d-agiiUSrLA=w50-h50-p-rp-mo-br100","Nhi Le","7 bài đánh giá","","5/5","một năm trước trên","Google","https://www.gstatic.com/images/branding/product/1x/googleg_48dp.png","Một trải nghiệm tuyệt vời, nhân viên thân thiện.
Khách sạn đẹp vị trí thuận tiện.
Chắc chắn sẽ quay lại.","Xem thêm","","","","","","Chia sẻ","Thông tin phản hồi từ chủ sở hữu","một năm trước","Kính gửi cô Nhi,
Lời chào trân trọng từ Khách sạn & Căn hộ Oakwood Sài Gòn,
Cảm ơn cô rất nhiều vì đã dành thời gian đánh giá và viết nhận xét này cho chúng …","Thích","Xem thêm","Bản dịch của Google","・","Xem bản gốc (Tiếng Anh)"
"https://lh3.googleusercontent.com/a-/ALV-UjUDis6U_xQlWa2I_uGb81-NxhcG8zUo0qKJNJP44JZvMJypRncu=w50-h50-p-rp-mo-br100","Le Giang Nguyen","9 bài đánh giá · 6 ảnh","","5/5","2 năm trước trên","Google","https://www.gstatic.com/images/branding/product/1x/googleg_48dp.png","Phòng rộng rãi, thoáng mát sạch sẽ, đầy đủ tiện nghi cần thiết như bếp, tivi, bồn tắm, quầy bar.... Rất phù hợp cho cả đi công tác và du lịch với con nhỏ. …","Xem thêm","","","","","","Chia sẻ","Thông tin phản hồi từ chủ sở hữu","2 năm trước","Kính gửi bà Lê Giang Nguyễn,

Lời chào từ Khách sạn & Căn hộ Oakwood Sài Gòn! …","","Xem thêm","Bản dịch của Google","・","Xem bản gốc (Tiếng Anh)"
"https://lh3.googleusercontent.com/a-/ALV-UjXqkHtR4salO2AdBehs_961r53Zl_oDebqUw19jPDFAvGXM762E=w50-h50-p-rp-mo-ba12-br100","Thiên Kim Nguyễn","Local Guide · 133 bài đánh giá · 433 ảnh","","5/5","3 năm trước trên","Google","https://www.gstatic.com/images/branding/product/1x/googleg_48dp.png","Mọi điểm mình đều thấy rất tốt. Từ nhân viên dưới sảnh rất chuyên nghiệp hỗ trợ vali mang lên phòng. Khi tới cọc 1triệu mình thấy ok. Mình đi intercon toàn cọc 5tr. Phòng ốc sạch và thơm. Đồ supplies của hãng La Bottega 5* rất tốt. Ăn sáng view đẹp. Đồ ăn đơn giản nhưng rất okila. Mình sẽ quay lại lần tới","","","","","","","Chia sẻ","Thông tin phản hồi từ chủ sở hữu","3 năm trước","Kính gửi bà Thiên Kim Nguyễn,

Lời chào từ Khách sạn & Căn hộ Oakwood Sài Gòn! …","Thích","Xem thêm","Bản dịch của Google","・","Xem bản gốc (Tiếng Anh)"
"https://lh3.googleusercontent.com/a/ACg8ocKMeFjqMzD-tQkiuDLi-oLluucCLCnN7hcJ3N-TKc082NtaIA=w50-h50-p-rp-mo-ba12-br100","Tín Quang","Local Guide · 47 bài đánh giá · 269 ảnh","","4/5","3 năm trước trên","Google","https://www.gstatic.com/images/branding/product/1x/googleg_48dp.png","Căn hộ studio rộng rãi và tiện nghi.
Giá cả tốt so với cơ sở vật chất.
Sảnh có quầy cà phê đẹp. …","Xem thêm","","","","","","Chia sẻ","Thông tin phản hồi từ chủ sở hữu","3 năm trước","Kính gửi ông Tin Quang,

Lời chào từ Khách sạn & Căn hộ Oakwood Sài Gòn! …","","Xem thêm","Bản dịch của Google","・","Xem bản gốc (Tiếng Anh)"
"https://lh3.googleusercontent.com/a-/ALV-UjUCFbmIBPzE0CKdxD5npBbLOtUQ6z-kDNyqQt-fD-Tc5CAWWjfVjQ=w50-h50-p-rp-mo-ba12-br100","Hang Truong","Local Guide · 10 bài đánh giá · 16 ảnh","","5/5","một năm trước trên","Google","https://www.gstatic.com/images/branding/product/1x/googleg_48dp.png","Lần đầu mình trải nghiệm ở đây, không gian phòng rộng rãi, đầy đủ tiện nghi. Các bạn nhân viên rất dễ thương và nhiệt tìnhhh","Xem thêm","","","","","","Chia sẻ","Thông tin phản hồi từ chủ sở hữu","một năm trước","Kính gửi bà Hàng Trường,
Khách sạn & Căn hộ Oakwood Sài Gòn xin gửi lời chào trân trọng nhất. Cảm ơn bà đã dành thời gian viết thư và đánh giá cho chúng tôi. Chúng tôi rất vui mừng vì …","Thích","Xem thêm","Bản dịch của Google","・","Xem bản gốc (Tiếng Anh)"
"https://lh3.googleusercontent.com/a-/ALV-UjUEamLNOl3NoMNgunKn9ctiLbmY7Ds-UFUIvlp-rX-_uyfFSfA4=w50-h50-p-rp-mo-br100","Tường Bùi Ngọc Cát","3 bài đánh giá · 3 ảnh","","5/5","một năm trước trên","Google","https://www.gstatic.com/images/branding/product/1x/googleg_48dp.png","Phòng ốc rộng rãi, yên tĩnh. Có nhà hàng ăn sáng ok. Trải nghiệm tuyệt vời cho 02 người","Xem thêm","","","","","","Chia sẻ","Thông tin phản hồi từ chủ sở hữu","một năm trước","Kính gửi Tường Bùi Ngọc Cát,
Lời chào trân trọng từ Khách sạn & Căn hộ Oakwood Sài Gòn,
Cảm ơn quý khách đã dành thời gian đánh giá và viết nhận xét này cho chúng tôi. …","Thích","Xem thêm","Bản dịch của Google","・","Xem bản gốc (Tiếng Anh)"
"https://lh3.googleusercontent.com/a/ACg8ocLgZeLSsoXmsi-ftd2uvXYw2RC9Ya97_P2-nqKCVH2OJ05Rlg=w50-h50-p-rp-mo-br100","do khac thanh","3 bài đánh giá · 2 ảnh","","4/5","2 năm trước trên","Google","https://www.gstatic.com/images/branding/product/1x/googleg_48dp.png","Nhân viên nhiệt tình đặc biệt có bạn nguyên nv sảnh bê hành lý rất nhiệt tình
Khách sạn sạch sẽ sảnh đẹp
Nhược điểm tivi đời cũ không phải smart tivi
Wifi kém","Xem thêm","","","","","","Chia sẻ","Thông tin phản hồi từ chủ sở hữu","2 năm trước","Kính gửi ông Đỗ Khắc Thanh,

Lời chào từ Khách sạn & Căn hộ Oakwood Sài Gòn! …","","Xem thêm","Bản dịch của Google","・","Xem bản gốc (Tiếng Anh)"
"https://lh3.googleusercontent.com/a/ACg8ocLeaUH1U1nQGbx10SiuhOu5aa-woVYbhci2Jha7iGjzh8wgYg=w50-h50-p-rp-mo-br100","Hoa Nguyễn","1 bài đánh giá","","5/5","Thời gian chỉnh sửa: một năm trước trên","Google","https://www.gstatic.com/images/branding/product/1x/googleg_48dp.png","Khách sạn quá tuyêt vời . Nhăn vien thân thien dễ thuong, nhiêt tình, phòng sach  thơm. View đẹp","Xem thêm","","","","","","Chia sẻ","Thông tin phản hồi từ chủ sở hữu","một năm trước","Kính gửi Hoa Nguyễn,
Lời chào trân trọng từ Khách sạn & Căn hộ Oakwood Saigon,
Cảm ơn bạn rất nhiều vì đã dành thời gian đánh giá và viết nhận xét này cho …","Thích","Xem thêm","Bản dịch của Google","・","Xem bản gốc (Tiếng Anh)"
"https://lh3.googleusercontent.com/a-/ALV-UjWzg1u_CYuG-ysS3m2xkc2d9vWXIWX0pzqQk1gjaQQx9F1f5YD1=w50-h50-p-rp-mo-br100","Hân Nguyễn","4 bài đánh giá · 5 ảnh","","5/5","10 tháng trước trên","Google","https://www.gstatic.com/images/branding/product/1x/googleg_48dp.png","Một trải nghiệm tuyệt vời tại khách sạn, nhân viên rất tốt, chuyên nghiệp","Xem thêm","","","","","","Chia sẻ","Thông tin phản hồi từ chủ sở hữu","10 tháng trước","Chào Hân Nguyễn,
Lời chào trân trọng từ Khách sạn & Căn hộ Oakwood Sài Gòn,
Cảm ơn bạn rất nhiều vì đã dành thời gian đánh giá và viết nhận xét này cho …","Thích","Xem thêm","Bản dịch của Google","・","Xem bản gốc (Tiếng Anh)"
"https://lh3.googleusercontent.com/a-/ALV-UjUloZrL9L9IumFFzKOxGtFPkBZ6itUNzh66fazGY3s6EfbnZbIJFQ=w50-h50-p-rp-mo-ba12-br100","Hang Bui","Local Guide · 306 bài đánh giá · 700 ảnh","","4/5","3 năm trước trên","Google","https://www.gstatic.com/images/branding/product/1x/googleg_48dp.png","Phòng được dọn dẹp gọn gàng, sạch sẽ. Các phòng sẽ được dọn dẹp hàng ngày.
Nhân viên làm thủ tục check in check out nhanh chóng.","Xem thêm","","","","","","Chia sẻ","Thông tin phản hồi từ chủ sở hữu","3 năm trước","Kính gửi bà Hàng Bùi,

Lời chào từ Khách sạn & Căn hộ Oakwood Sài Gòn! …","","Xem thêm","Bản dịch của Google","・","Xem bản gốc (Tiếng Anh)"
"https://lh3.googleusercontent.com/a-/ALV-UjXR07Ge_CdjXlMWYp37h_4lYAdOlZe20hBY_OV_mW3MGskoGtjj=w50-h50-p-rp-mo-br100","Hạnh Đinh","9 bài đánh giá · 12 ảnh","","5/5","3 năm trước trên","Google","https://www.gstatic.com/images/branding/product/1x/googleg_48dp.png","Vô tình thấy ks trên maps, đọc bình luận thấy mn rì viu tốt, lại gần landmark nên book thử
Phòng căn hộ đầy đủ bếp núc, tiện nghi , bồn tắm, view đẹp, giường nằm rất thích …","Xem thêm","","","","","","Chia sẻ","Thông tin phản hồi từ chủ sở hữu","3 năm trước","Kính gửi bà Hạnh Dinh,

Lời chào từ Khách sạn & Căn hộ Oakwood Sài Gòn! …","","Xem thêm","Bản dịch của Google","・","Xem bản gốc (Tiếng Anh)"
"https://lh3.googleusercontent.com/a-/ALV-UjX1bUey4wz0wQmqFTlVKMfWyU_4OiZeyeFpDWxkoLnswEX2OGo=w50-h50-p-rp-mo-br100","Quyen Nguyen","1 bài đánh giá","","5/5","Thời gian chỉnh sửa: một năm trước trên","Google","https://www.gstatic.com/images/branding/product/1x/googleg_48dp.png","Nhân viên thân thiện 💕. Phòng sạch sẽ, thoáng đãng. View có thể ngắm pháo hoa …","Xem thêm","","","","","","Chia sẻ","Thông tin phản hồi từ chủ sở hữu","Thời gian chỉnh sửa: một năm trước","Kính gửi cô Quyên,
Lời chào trân trọng từ Khách sạn & Căn hộ Oakwood Sài Gòn,
Cảm ơn cô rất nhiều vì đã dành thời gian đánh giá và viết nhận xét này cho chúng …","Thích","Xem thêm","Bản dịch của Google","・","Xem bản gốc (Tiếng Anh)"
"https://lh3.googleusercontent.com/a-/ALV-UjVbJvdJFxue5r930PvG6dsJjI5ioCUCeabiyeykBTt_byeYlN0=w50-h50-p-rp-mo-ba12-br100","MÁY THÊU VI TÍNH SWF SUNSTAR","Local Guide · 71 bài đánh giá · 69 ảnh","","5/5","3 năm trước trên","Google","https://www.gstatic.com/images/branding/product/1x/googleg_48dp.png","bên ngoài ko đẹp mắt nhưng bên trong sạch sẽ và thơm tho, thiết kế phòng cũng rất khoa học, giường thỏa mái êm ái","","","","","","","Chia sẻ","Thông tin phản hồi từ chủ sở hữu","3 năm trước","Kính gửi quý khách,

Lời chào từ Khách sạn & Căn hộ Oakwood Sài Gòn! …","","Xem thêm","Bản dịch của Google","・","Xem bản gốc (Tiếng Anh)"
"https://lh3.googleusercontent.com/a-/ALV-UjVeyu1g5F4yDCekgU31chXJ7u6KW6B34-09-Ww4O783EWFnyiM=w50-h50-p-rp-mo-br100","thuận nguyễn","1 bài đánh giá · 1 ảnh","","5/5","3 năm trước trên","Google","https://www.gstatic.com/images/branding/product/1x/googleg_48dp.png","Hài lòng. Phòng rộng, sạch sẽ và đẹp, đặc biệt là khu vực sảnh. Nhân viên thân thiện và hỗ trợ khách mang hành lí lên phòng. Ks gần khu vực Thảo Điền và Quận 1 nên tiện di chuyển.","Xem thêm","","","","","","Chia sẻ","Thông tin phản hồi từ chủ sở hữu","3 năm trước","Kính gửi ông Thuận Nguyễn,

Chúng tôi rất vui mừng khi biết ông đã có một kỳ nghỉ tuyệt vời tại Khách sạn & …","Thích","Xem thêm","Bản dịch của Google","・","Xem bản gốc (Tiếng Anh)"
"https://lh3.googleusercontent.com/a/ACg8ocKdCD6Am0vEeV0-Z6-tk8xeNsS1ozmgVe_udDMM3kl_9Fd6Pw=w50-h50-p-rp-mo-br100","Phuong Nguyen","2 bài đánh giá · 1 ảnh","","5/5","Thời gian chỉnh sửa: 9 tháng trước trên","Google","https://www.gstatic.com/images/branding/product/1x/googleg_48dp.png","Phòng ốc sạch sẽ, vị trí thuận lợi, nhân viên nhiệt tình vui vẻ mình sẽ quay lại","Xem thêm","","","","","","Chia sẻ","Thông tin phản hồi từ chủ sở hữu","một năm trước","Kính gửi bà Phương Nguyễn,
Lời chào trân trọng từ Khách sạn & Căn hộ Oakwood Sài Gòn,
Cảm ơn bà rất nhiều vì đã dành thời gian đánh giá và viết nhận xét này cho chúng …","Thích","Xem thêm","Bản dịch của Google","・","Xem bản gốc (Tiếng Anh)"
"https://lh3.googleusercontent.com/a/ACg8ocI9SBByEflGthI0S-_62MP8VMATjJBaananabZWiSB_UzhY-Q=w50-h50-p-rp-mo-br100","Hanh Thuc","1 bài đánh giá","","5/5","một năm trước trên","Google","https://www.gstatic.com/images/branding/product/1x/googleg_48dp.png","Lễ tân thân thiện, phục vụ tốt
Phòng sạch sẽ, thoáng mát
Lần sau mình sẽ tiếp tục sử dụng dịch vụ của Oakwood","Xem thêm","","","","","","Chia sẻ","Thông tin phản hồi từ chủ sở hữu","một năm trước","Kính gửi bà Hạnh Thức,
Lời chào trân trọng từ Khách sạn & Căn hộ Oakwood Sài Gòn,
Cảm ơn bà đã dành thời gian đánh giá và viết nhận xét cho chúng tôi. …","Thích","Xem thêm","Bản dịch của Google","・","Xem bản gốc (Tiếng Anh)"
"https://lh3.googleusercontent.com/a/ACg8ocIIKNTpxQBWggjb4mfFJZjadjgz5x5EsoWg4G5vpWb-OfXeVQ=w50-h50-p-rp-mo-br100","Thuận Đoàn","4 bài đánh giá","","5/5","6 tháng trước trên","Google","https://www.gstatic.com/images/branding/product/1x/googleg_48dp.png","Rất tuyệtt , một nơi lý tưởng","Xem thêm","","","","","","Chia sẻ","Thông tin phản hồi từ chủ sở hữu","6 tháng trước","Kính gửi Thuận Đoàn,
Lời chào trân trọng từ Khách sạn & Căn hộ Oakwood Sài Gòn,
Cảm ơn quý khách đã dành thời gian đánh giá và viết nhận xét này cho chúng tôi. …","Thích","Xem thêm","Bản dịch của Google","・","Xem bản gốc (Tiếng Anh)"
"https://lh3.googleusercontent.com/a-/ALV-UjUNP4hsfEjcmnAnw13PlHg9XkBodbHf-OiIzJbpx3KMbIT6HP2T=w50-h50-p-rp-mo-ba12-br100","Kỳ Trân Trần","Local Guide · 116 bài đánh giá · 55 ảnh","","5/5","2 năm trước trên","Google","https://www.gstatic.com/images/branding/product/1x/googleg_48dp.png","Phòng quá đẹp, cực kỳ sạch sẽ.
Các bạn nhân viên quá nhiệt tình luôn. Cảm ơn bạn Nguyên và các bạn lễ tân. Rất ok luôn.","Xem thêm","","","","","","Chia sẻ","Thông tin phản hồi từ chủ sở hữu","2 năm trước","Kính gửi bà Kỳ Trần Trần,

Lời chào từ Khách sạn & Căn hộ Oakwood Sài Gòn! …","Thích","Xem thêm","Bản dịch của Google","・","Xem bản gốc (Tiếng Anh)"
"https://lh3.googleusercontent.com/a/ACg8ocICMxKIuMWsMNwGtWJZ23LEpyccv-b_N8NnAJ2Na07gDfSAPA=w50-h50-p-rp-mo-br100","Pham Linh","4 bài đánh giá · 6 ảnh","","5/5","3 năm trước trên","Google","https://www.gstatic.com/images/branding/product/1x/googleg_48dp.png","Phòng rộng rãi, view sông khá đẹp
Nhân viên thân thiện nhiệt tình
Anh nhân viên hành lý tên Nguyên rất nhiệt tình hỗ trợ","Xem thêm","","","","","","Chia sẻ","Thông tin phản hồi từ chủ sở hữu","3 năm trước","Kính gửi ông/bà Phạm Linh,

Lời chào từ Khách sạn & Căn hộ Oakwood Sài Gòn! …","","Xem thêm","Bản dịch của Google","・","Xem bản gốc (Tiếng Anh)"
"https://lh3.googleusercontent.com/a-/ALV-UjX5BZ5E2uJcS9lwVqj9g44iGCIa4i-jMw1dw0PtNBbQRAxskJg=w50-h50-p-rp-mo-br100","Hương Nguyễn","1 bài đánh giá","","5/5","một năm trước trên","Google","https://www.gstatic.com/images/branding/product/1x/googleg_48dp.png","Nhân viên thân thiện, dễ thương. Ở sảnh và phòng mùi rất thơm dễ chịu.","Xem thêm","","","","","","Chia sẻ","Thông tin phản hồi từ chủ sở hữu","một năm trước","Thân gửi Hương Nguyễn,
Lời chào trân trọng từ Oakwood Hotel & Apartments Saigon,
Cảm ơn bạn rất nhiều vì đã dành thời gian đánh giá và viết bài nhận xét này cho …","Thích","Xem thêm","Bản dịch của Google","・","Xem bản gốc (Tiếng Anh)"
"https://lh3.googleusercontent.com/a-/ALV-UjXBHk8UyKjG2fk3erZAkrrl7O5NIUgPHKsGxMTLUc1LmXIiUfDR=w50-h50-p-rp-mo-ba12-br100","Nhàn Nguyễn","Local Guide · 103 bài đánh giá · 350 ảnh","","5/5","một tháng trước trên","Google","https://www.gstatic.com/images/branding/product/1x/googleg_48dp.png","5 sao","Xem thêm","","","","","","Chia sẻ","Thông tin phản hồi từ chủ sở hữu","một tháng trước","Kính gửi Nhà Nguyễn,
Lời chào trân trọng từ Khách sạn & Căn hộ Oakwood Sài Gòn,
Cảm ơn bạn rất nhiều vì đã dành thời gian đánh giá và viết nhận xét này cho …","Thích","Xem thêm","Bản dịch của Google","・","Xem bản gốc (Tiếng Anh)"
"https://lh3.googleusercontent.com/a-/ALV-UjXgLWVvUt41NuEjjqSpkSX_Z4kR0JTyub-58EsFWo0ThL-A796T=w50-h50-p-rp-mo-br100","Trần Kiệt","4 bài đánh giá · 1 ảnh","","5/5","một năm trước trên","Google","https://www.gstatic.com/images/branding/product/1x/googleg_48dp.png","Một nơi quá tuyệt vời để nghỉ dưỡng, rất đáng để mọi người lưu trú khi đến TP.HCM","Xem thêm","","","","","","Chia sẻ","Thông tin phản hồi từ chủ sở hữu","một năm trước","Kính gửi Johnny Trần,
Lời chào trân trọng từ Khách sạn & Căn hộ Oakwood Saigon,
Cảm ơn bạn rất nhiều vì đã dành thời gian đánh giá và viết nhận xét này cho …","Thích","Xem thêm","Bản dịch của Google","・","Xem bản gốc (Tiếng Anh)"
"https://lh3.googleusercontent.com/a-/ALV-UjU53z9G5h4-L_tL4S9FOc6oOOws9AJMyx39itxBDReukEFOULPGUQ=w50-h50-p-rp-mo-br100","2838_Nguyễn Đình Trương","6 bài đánh giá · 1 ảnh","","5/5","một năm trước trên","Google","https://www.gstatic.com/images/branding/product/1x/googleg_48dp.png","Nhân viên dễ thương và thân thiện, phòng ốc sạch sẽ và rộng rãi.","Xem thêm","","","","","","Chia sẻ","Thông tin phản hồi từ chủ sở hữu","một năm trước","Kính gửi ông Nguyễn Đình Trương,
Lời chào trân trọng từ Khách sạn & Căn hộ Oakwood Sài Gòn,
Cảm ơn ông rất nhiều vì đã dành thời gian đánh giá và viết nhận xét cho chúng …","Thích","Xem thêm","Bản dịch của Google","・","Xem bản gốc (Tiếng Anh)"
"https://lh3.googleusercontent.com/a/ACg8ocL7V5TuYmyZOIr6Qi6VISAI2vPtIG1sVd0gVHuvQezG-T-bqA=w50-h50-p-rp-mo-br100","Khang Nguyen","4 bài đánh giá","","5/5","một năm trước trên","Google","https://www.gstatic.com/images/branding/product/1x/googleg_48dp.png","Phòng đẹp, thoải mái, nhân viên cũng nhiệt tình nửa.","Xem thêm","","","","","","Chia sẻ","Thông tin phản hồi từ chủ sở hữu","một năm trước","Kính gửi ông Khang,
Lời chào trân trọng từ Khách sạn & Căn hộ Oakwood Saigon,
Cảm ơn ông rất nhiều vì đã dành thời gian đánh giá và viết nhận xét này cho …","Thích","Xem thêm","Bản dịch của Google","・","Xem bản gốc (Tiếng Anh)"
"https://lh3.googleusercontent.com/a-/ALV-UjXV_-QigcDJnL651dOd-XdXQVAm1w7atY9GQFzYH0TyASX3EeSA=w50-h50-p-rp-mo-ba12-br100","Hảo Bùi","Local Guide · 30 bài đánh giá · 64 ảnh","","5/5","6 tháng trước trên","Google","https://www.gstatic.com/images/branding/product/1x/googleg_48dp.png","Phòng rất thoải mái.","Xem thêm","","","","","","Chia sẻ","Thông tin phản hồi từ chủ sở hữu","6 tháng trước","Kính gửi Hảo Bùi,
Lời chào trân trọng từ Khách sạn & Căn hộ Oakwood Sài Gòn,
Cảm ơn quý khách đã dành thời gian đánh giá và viết nhận xét này cho chúng tôi. …","Thích","Xem thêm","Bản dịch của Google","・","Xem bản gốc (Tiếng Anh)"
"https://lh3.googleusercontent.com/a/ACg8ocJnPgf_hMZ82cFg6qIemGet1XZAjUyzewmMKZyNx4cTta3GgzM=w50-h50-p-rp-mo-br100","Thanh Mai","2 bài đánh giá · 1 ảnh","","5/5","3 năm trước trên","Google","https://www.gstatic.com/images/branding/product/1x/googleg_48dp.png","Một trải nghiệm tuyệt vời. Nhân viên phục vụ rất tốt, luôn để ý từng yêu cầu của khách hàng.","Xem thêm","","","","","","Chia sẻ","Thông tin phản hồi từ chủ sở hữu","3 năm trước","Kính gửi bà Thanh Mai,

Trước hết, chúng tôi xin chân thành cảm ơn bà đã lựa chọn khách sạn chúng tôi …","Thích","Xem thêm","Bản dịch của Google","・","Xem bản gốc (Tiếng Anh)"
"https://lh3.googleusercontent.com/a-/ALV-UjWc8KLFAplfZEpnv6iHE3C4wjm2Tjf80zaxar6lYgNz2U86nVU=w50-h50-p-rp-mo-br100","NGUYEN THI NGOC LINH","1 bài đánh giá","","5/5","một năm trước trên","Google","https://www.gstatic.com/images/branding/product/1x/googleg_48dp.png","Khách sạn đẹp, dịch vụ tốt, nhân viên thân thiện với khách hàng","Xem thêm","","","","","","Chia sẻ","Thông tin phản hồi từ chủ sở hữu","một năm trước","Kính gửi cô Linh,
Lời chào trân trọng từ Khách sạn & Căn hộ Oakwood Saigon,
Cảm ơn cô rất nhiều vì đã dành thời gian đánh giá và viết nhận xét này cho chúng …","Thích","Xem thêm","Bản dịch của Google","・","Xem bản gốc (Tiếng Anh)"
"https://lh3.googleusercontent.com/a/ACg8ocItyXk947Z6YHuacd60RIWr3E8MOlAMhpPd9XNcEs_S0CwFjg=w50-h50-p-rp-mo-ba12-br100","Ha Nguyen","Local Guide · 71 bài đánh giá · 83 ảnh","","3/5","5 tháng trước trên","Google","https://www.gstatic.com/images/branding/product/1x/googleg_48dp.png","Dọn phòng ko kỹ.","","","","","","","Chia sẻ","Thông tin phản hồi từ chủ sở hữu","5 tháng trước","Kính gửi bà Hà Nguyên,

Cảm ơn bà đã dành thời gian chia sẻ phản hồi. …","Thích","Xem thêm","Bản dịch của Google","・","Xem bản gốc (Tiếng Anh)"
"https://lh3.googleusercontent.com/a/ACg8ocLY6qusHldsaaPW_RmTiAVXIKcCyXAKJYc4cl2Dr4xXGXg--g=w50-h50-p-rp-mo-br100","Hoàng Thị Hà 0041","3 bài đánh giá","","5/5","một năm trước trên","Google","https://www.gstatic.com/images/branding/product/1x/googleg_48dp.png","ổn áp, phòng có view đẹp, có nhiều dịch vụ cần","Xem thêm","","","","","","Chia sẻ","Thông tin phản hồi từ chủ sở hữu","một năm trước","Kính gửi Hoàng Thị Hà,
Lời chào trân trọng từ Khách sạn & Căn hộ Oakwood Sài Gòn,
Cảm ơn bạn rất nhiều vì đã dành thời gian đánh giá và viết nhận xét này cho …","Thích","Xem thêm","Bản dịch của Google","・","Xem bản gốc (Tiếng Anh)"
"https://lh3.googleusercontent.com/a/ACg8ocLiSsfN7Imvf4hHaXcucAJWjpi8suEDnkLCY6R51HE9-5v-rOQ=w50-h50-p-rp-mo-br100","Ntb Nguyen","2 bài đánh giá · 2 ảnh","","5/5","một năm trước trên","Google","https://www.gstatic.com/images/branding/product/1x/googleg_48dp.png","khách sạn ok quá chừng, nv nhiệt tình, có cơ hội mình sẽ ghé tiếp","Xem thêm","","","","","","Chia sẻ","Thông tin phản hồi từ chủ sở hữu","một năm trước","Thân gửi Ntb Nguyen,
Lời chào trân trọng từ Oakwood Hotel & Apartments Saigon,
Cảm ơn bạn rất nhiều vì đã dành thời gian đánh giá và viết bài nhận xét này cho …","Thích","Xem thêm","Bản dịch của Google","・","Xem bản gốc (Tiếng Anh)"
"https://lh3.googleusercontent.com/a-/ALV-UjXYkyxWxqcyG2rvk-TufOTVdWJv1iQGbBtgewQYWYaOBjSwaAQ=w50-h50-p-rp-mo-br100","Dự nguyễn","4 bài đánh giá · 1 ảnh","","5/5","một năm trước trên","Google","https://www.gstatic.com/images/branding/product/1x/googleg_48dp.png","nhân viên thân thiện, View Lanmark xịn, Người yêu mình thích ở đây,....","Xem thêm","","","","","","Chia sẻ","Thông tin phản hồi từ chủ sở hữu","một năm trước","Kính gửi anh Du,
Khách sạn & Căn hộ Oakwood Sài Gòn xin gửi lời chào trân trọng nhất,
Cảm ơn anh rất nhiều vì đã dành thời gian đánh giá và viết bài nhận xét này cho …","Thích","Xem thêm","Bản dịch của Google","・","Xem bản gốc (Tiếng Anh)"
"https://lh3.googleusercontent.com/a/ACg8ocIl_0NLWuA5dFs2JXalcxD0OIr6p2L4DGX5s9fq3ZZbc4y95Q=w50-h50-p-rp-mo-br100","Hien Huynh","2 bài đánh giá","","5/5","một năm trước trên","Google","https://www.gstatic.com/images/branding/product/1x/googleg_48dp.png","Phòng sạch sẽ, nhân viên thân thiện và nhiệt tình.","Xem thêm","","","","","","Chia sẻ","Thông tin phản hồi từ chủ sở hữu","một năm trước","Kính gửi Hiền Huỳnh,
Lời chào trân trọng từ Khách sạn & Căn hộ Oakwood Sài Gòn,
Cảm ơn bạn rất nhiều vì đã dành thời gian đánh giá và viết nhận xét này cho …","Thích","Xem thêm","Bản dịch của Google","・","Xem bản gốc (Tiếng Anh)"
"https://lh3.googleusercontent.com/a/ACg8ocKo4K2lEsfDTZjmLrfUNbVEfggZKmUzFzuXVIj1PXIAKPzlTA=w50-h50-p-rp-mo-br100","Vinh Bùi quốc","4 bài đánh giá","","5/5","2 năm trước trên","Google","https://www.gstatic.com/images/branding/product/1x/googleg_48dp.png","Dịch vụ rất tốt. Các bạn nhân viên rất lễ phép và nhiệt tình","Xem thêm","","","","","","Chia sẻ","Thông tin phản hồi từ chủ sở hữu","2 năm trước","Kính gửi ông Vinh,
Lời chào trân trọng từ Khách sạn & Căn hộ Oakwood Sài Gòn,
Cảm ơn ông rất nhiều vì đã dành thời gian đánh giá và viết nhận xét tuyệt vời …","Thích","Xem thêm","Bản dịch của Google","・","Xem bản gốc (Tiếng Anh)"
"https://lh3.googleusercontent.com/a-/ALV-UjVTbF3BKGu21AJtbxbLjtzrA_YnArMbOQG2lGzbgeJXBWsIG6Q=w50-h50-p-rp-mo-br100","Phúc Huỳnh","1 bài đánh giá","","5/5","một năm trước trên","Google","https://www.gstatic.com/images/branding/product/1x/googleg_48dp.png","Nhiệt tình hỗ trợ, phòng sạch, thoáng mát, quản lí đẹp trai","Xem thêm","","","","","","Chia sẻ","Thông tin phản hồi từ chủ sở hữu","một năm trước","Kính gửi ông Phuc,
Lời chào trân trọng từ Khách sạn & Căn hộ Oakwood Saigon,
Cảm ơn ông rất nhiều vì đã dành thời gian đánh giá và viết nhận xét này cho …","Thích","Xem thêm","Bản dịch của Google","・","Xem bản gốc (Tiếng Anh)"
"https://lh3.googleusercontent.com/a-/ALV-UjXt79hEQM0yxEEv3qZ5nHiXEawP91bsHlHVDZCmzj5CpOQ5GqY=w50-h50-p-rp-mo-br100","Hai Hoang","3 bài đánh giá · 3 ảnh","","5/5","một năm trước trên","Google","https://www.gstatic.com/images/branding/product/1x/googleg_48dp.png","Phòng rộng rãi đa dạng, dịch vụ nhanh và thân thiện","Xem thêm","","","","","","Chia sẻ","Thông tin phản hồi từ chủ sở hữu","một năm trước","Kính gửi Hải Hoàng,
Lời chào trân trọng từ Khách sạn & Căn hộ Oakwood Sài Gòn,
Cảm ơn bạn rất nhiều vì đã dành thời gian đánh giá và viết nhận xét này cho …","Thích","Xem thêm","Bản dịch của Google","・","Xem bản gốc (Tiếng Anh)"
"","","","","","","","","","","","","","","","","","","","","","","",""
"","","","","","","","","","","","","","","","","","","","","","","",""
"","","","","","","","","","","","","","","","","","","","","","","",""
"","","","","","","","","","","","","","","","","","","","","","","",""
"","","","","","","","","","","","","","","","","","","","","","","",""
"","","","","","","","","","","","","","","","","","","","","","","",""
"","","","","","","","","","","Nhận phòng/Trả phòng","","","","","","","","","","","","",""
"","","","","","","","","","","","","","","","","","","","","","","",""
"","","","","","","","","","","","","","","","","","","","","","","",""
"","","","","","","","","","","","","","","","","","","","","","","",""
"","","","","","","","","","","","","","","","","","","","","","","",""
"","","","","","","","","","","","","","","","","","","","","","","",""
"","","","","","","","","","","","","","","","","","","","","","","",""
"","","","","","","","","","","","","","","","","","","","","","","",""
"","","","","","","","","","","","","","","","","","","","","","","",""
"","","","","","","","","","","","","","","","","","","","","","","",""
"","","","","","","","","","","","","","","","","","","","","","","",""
"","","","","","","","","","","","","","","","","","","","","","","",""
"","","","","","","","","","","","","","","","","","","","","","","",""
"","","","","","","","","","","","","","","","","","","","","","","",""
"","","","","","","","","","","","","","","","","","","","","","","",""
"","","","","","","","","","","","","","","","","","","","","","","",""
"","","","","","","","","","","","","","","","","","","","","","","",""
"","","","","","","","","","","","","","","","","","","","","","","",""
"","","","","","","","","","","","","","","","","","","","","","","",""
"https://lh3.googleusercontent.com/a/ACg8ocJf3e6hC_C58SEkDfnCF5ph1dk9qfa6XRWFYrWPaIrY2lmy9Q=w50-h50-p-rp-mo-br100","Hiền Nguyễn","1 bài đánh giá","","1/5","một tháng trước trên","Google","https://www.gstatic.com/images/branding/product/1x/googleg_48dp.png","Rất tệ. Lừa đảo. Đặt phòng trên áp thì đưa hình phòng sạch sẽ điều hoà. Nhưng khi đến nhận thì kh phải là phòng mà chỉ quây 1 tấm rèm vải cho 1 quạt con.","","","","","","","Chia sẻ","","","","Thích","","","",""
"https://lh3.googleusercontent.com/a-/ALV-UjUxZOsd7MZLo5qrVM_U2fV1pGAXmfbm2SFz6AtfncX8FR40KG8p=w50-h50-p-rp-mo-br100","Hanh Le","1 bài đánh giá","","1/5","một năm trước trên","Google","https://www.gstatic.com/images/branding/product/1x/googleg_48dp.png","thuê phòng thanh toán lúc 14h tới nhận phòng thì khoá cửa số điện thoại gọi không được.giờ ngồi ở ngoài đường","Xem thêm","","","","","","Chia sẻ","","","","Thích","","","",""
"https://lh3.googleusercontent.com/a-/ALV-UjX2kd2UcDGS2C4JF0ieb4LE8vNjg73eaQGN_LOf-Hbmq7Oi0_Zp=w50-h50-p-rp-mo-ba12-br100","Vinh Tran","Local Guide · 107 bài đánh giá · 159 ảnh","","1/5","7 năm trước trên","Google","https://www.gstatic.com/images/branding/product/1x/googleg_48dp.png","Chỉ 1 sao","","Bản dịch của Google","・","Xem bản gốc (Tiếng Anh)","","","Chia sẻ","","","","","","","",""
"https://lh3.googleusercontent.com/a/ACg8ocKhFVfthUyqlxZPtOOQ1BrFeUWDrnXaYhixXkiRSJAT8Qt1RQ=w50-h50-p-rp-mo-br100","Thương Trần","2 bài đánh giá · 2 ảnh","","1/5","một tháng trước trên","Google","https://www.gstatic.com/images/branding/product/1x/googleg_48dp.png","","","","","","","","","","","","","","","",""
"https://lh3.googleusercontent.com/a/ACg8ocLQcwyEEq0EZbPqq5JIX4xYv5LkNodg5hpylZnFrOfqNJc5Bw=w50-h50-p-rp-mo-br100","Christopher Tedescho","5 bài đánh giá","","1/5","7 năm trước trên","Google","https://www.gstatic.com/images/branding/product/1x/googleg_48dp.png","","","","","","","","","","","","","","","",""
"https://lh3.googleusercontent.com/a-/ALV-UjUN1npbb6PdEXESqMUfXoZ4FhdIi1m1nUuhtY9iBqIba6pjoV1o=w50-h50-p-rp-mo-ba12-br100","QUOC CAO VUONG","Local Guide · 26 bài đánh giá · 2 ảnh","","2/5","8 năm trước trên","Google","https://www.gstatic.com/images/branding/product/1x/googleg_48dp.png","","","","","","","","","","","","","","","",""
"https://lh3.googleusercontent.com/a/ACg8ocLc0yWG8R5iIrdnNBnsRgjHZjcFtdrhOYraw3nP78iD-tM2mcA3=w50-h50-p-rp-mo-ba12-br100","tung thanh","Local Guide · 28 bài đánh giá · 37 ảnh","","3/5","2 năm trước trên","Google","https://www.gstatic.com/images/branding/product/1x/googleg_48dp.png","Phòng cũng tạm ổn. Phù hợp cho 2 người thôi. Gia đình 4 người hơi chật. Chất lượng cho 3/5 sao.","Xem thêm","","","","","","Chia sẻ","","","","Thích","","","",""
"https://lh3.googleusercontent.com/a-/ALV-UjVxb6aYXSSrtg5HgMQxr6sn_OT2mhPw46w8y4u8WIP8YX6b710=w50-h50-p-rp-mo-ba12-br100","Dòng Nhạc Vàng","Local Guide · 318 bài đánh giá · 1.531 ảnh","","3/5","2 năm trước trên","Google","https://www.gstatic.com/images/branding/product/1x/googleg_48dp.png","Không xứng với giá 500k ngày. Phòng dây điện máy nóng lạnh hở. Nhìn nguy hiểm.","Xem thêm","","","","","","Chia sẻ","Thông tin phản hồi từ chủ sở hữu","2 năm trước","Xin lỗi! Các dây này không có nguồn điện. Tuy nhiên, về phía KS sẽ cho các dây này ẩn vào bên trong.","","","","",""
"https://lh3.googleusercontent.com/a-/ALV-UjVcL3rofnUJ-JQlrtDczVXttFybraphc81OyW25FPSYJD2xD5U=w50-h50-p-rp-mo-ba12-br100","Shop Ti&Ti","Local Guide · 180 bài đánh giá · 115 ảnh","","3/5","Thời gian chỉnh sửa: 7 năm trước trên","Google","https://www.gstatic.com/images/branding/product/1x/googleg_48dp.png","Tạm được.","","","","","","","Chia sẻ","","","","","","","",""
"https://lh3.googleusercontent.com/a-/ALV-UjW1ZCaat-SLfP90SBIy6cbtgKJBDh_vCTHno2scC0eHmEJETx-Xow=w50-h50-p-rp-mo-ba12-br100","Aleksandr Volkov","Local Guide · 20 bài đánh giá · 7 ảnh","","3/5","8 năm trước trên","Google","https://www.gstatic.com/images/branding/product/1x/googleg_48dp.png","Khách sạn tốt và phục vụ thân thiện, nhưng vị trí không thuận lợi. Khu vực này khá nghèo và bạn có nguy cơ bị cướp. Tốt nhất nên đi taxi để di chuyển.","","Bản dịch của Google","・","Xem bản gốc (Tiếng Nga)","","","Chia sẻ","","","","","","","",""
"https://lh3.googleusercontent.com/a-/ALV-UjUSCfy8n72fe77JRUinXS5UrE396hzS7_xlk12vT-cOB_A1RPpm=w50-h50-p-rp-mo-ba12-br100","Hoang Vu","Local Guide · 77 bài đánh giá · 75 ảnh","","3/5","Thời gian chỉnh sửa: 7 năm trước trên","Google","https://www.gstatic.com/images/branding/product/1x/googleg_48dp.png","Được rồi","","Bản dịch của Google","・","Xem bản gốc (Tiếng Anh)","","","Chia sẻ","","","","","","","",""
"https://lh3.googleusercontent.com/a/ACg8ocIzaYY_NIUI1pVEYr1VvfsZEOyYH-Vo_2uE5umcn-EuVMDMFw=w50-h50-p-rp-mo-ba12-br100","Tixita Bao","Local Guide · 10 bài đánh giá","","3/5","6 năm trước trên","Google","https://www.gstatic.com/images/branding/product/1x/googleg_48dp.png","","","","","","","","","","","","","","","",""
"https://lh3.googleusercontent.com/a/ACg8ocLknpHALFz30M5nugLIk36iNgMH08gK6LRTEuKZ5kxeb2TZ=w50-h50-p-rp-mo-ba12-br100","An Ta","Local Guide · 12 bài đánh giá · 2 ảnh","","3/5","6 năm trước trên","Google","https://www.gstatic.com/images/branding/product/1x/googleg_48dp.png","","","","","","","","","","","","","","","",""
"https://lh3.googleusercontent.com/a-/ALV-UjUhH1ONPQevKhnoQFuNA-ACXGnBtxw82VdQmllhrrPNOGrjm6zE=w50-h50-p-rp-mo-ba12-br100","Hot great channel","Local Guide · 47 bài đánh giá · 1.196 ảnh","","3/5","7 năm trước trên","Google","https://www.gstatic.com/images/branding/product/1x/googleg_48dp.png","","","","","","","","","","","","","","","",""
"https://lh3.googleusercontent.com/a-/ALV-UjUnqEVUDZj51vIfjBASoe3nwu7EgB-dKpbJvVweXP7FWc4wmbdwcg=w50-h50-p-rp-mo-ba12-br100","Simon","Local Guide · 7 bài đánh giá · 6 ảnh","","3/5","7 năm trước trên","Google","https://www.gstatic.com/images/branding/product/1x/googleg_48dp.png","","","","","","","","","","","","","","","",""
"https://lh3.googleusercontent.com/a-/ALV-UjV4DArv4eAzg_WWqM7NqvoP1-COqpkfSlbUnFxAimHR3JEiK2Zq=w50-h50-p-rp-mo-ba12-br100","Khiêm","Local Guide · 65 bài đánh giá · 137 ảnh","","4/5","5 năm trước trên","Google","https://www.gstatic.com/images/branding/product/1x/googleg_48dp.png","Phòng tương đối sạch - giá cả bình dân với khu vực","","","","","","","Chia sẻ","","","","","","","",""
"https://lh3.googleusercontent.com/a/ACg8ocJUykTm7U_Xx9obXXFe3kh_bne4qhu51Ib3aVlI7auTfKDU6A=w50-h50-p-rp-mo-ba12-br100","Tùng Huỳnh Thanh","Local Guide · 154 bài đánh giá · 63 ảnh","","4/5","7 năm trước trên","Google","https://www.gstatic.com/images/branding/product/1x/googleg_48dp.png","Nha nghi thoai mai, co chu than thien","","","","","","","Chia sẻ","","","","Thích","","","",""
"https://lh3.googleusercontent.com/a/ACg8ocKCTELNCyGTV4f6Xl0xteOsTM153HQSO3-UdHJA3N_A6slEwb0=w50-h50-p-rp-mo-ba12-br100","viên tôn","Local Guide · 622 bài đánh giá · 2.519 ảnh","","4/5","2 tháng trước trên","Google","https://www.gstatic.com/images/branding/product/1x/googleg_48dp.png","Ks 0 có nơi đổ xe ôtô đường nhỏ","Xem thêm","","","","","","Chia sẻ","","","","Thích","","","",""
"https://lh3.googleusercontent.com/a/ACg8ocInn4AVG-Rh-jNCa5y6RdkeKw3SkKDBNvj3a7dF0SQGiNAqOw=w50-h50-p-rp-mo-ba12-br100","遥彼方","Local Guide · 649 bài đánh giá · 2.152 ảnh","","4/5","Thời gian chỉnh sửa: 7 năm trước trên","Google","https://www.gstatic.com/images/branding/product/1x/googleg_48dp.png","Khách sạn nằm ở quận Bình Thạnh, giáp quận 1. Khách sạn mới và nội thất sạch sẽ. Nhân viên rất thân thiện. Có chợ gần đó nên bạn sẽ không gặp khó khăn gì trong việc tìm đồ ăn. Cấm hút thuốc trong khách sạn, nhưng bạn có thể hút thuốc trên …","Xem thêm","Bản dịch của Google","・","Xem bản gốc (Tiếng Nhật)","","","Chia sẻ","","","","Thích","","","",""
"https://lh3.googleusercontent.com/a-/ALV-UjVSa7m301Huq25mUXQJKze5tFK3Ixap1uh6ciyjOlzSDWQUAvA=w50-h50-p-rp-mo-br100","Hung Phan","176 bài đánh giá","","4/5","9 năm trước trên","Google","https://www.gstatic.com/images/branding/product/1x/googleg_48dp.png","Tốt :)","","Bản dịch của Google","・","Xem bản gốc (Tiếng Anh)","","","Chia sẻ","","","","","","","",""
"https://lh3.googleusercontent.com/a-/ALV-UjXxPRvWENrjTvg5UE5kiZDUPW2xg80lCqtamSn0aG6HQRMTMMvA=w50-h50-p-rp-mo-ba12-br100","Jamie Xen","Local Guide · 94 bài đánh giá · 140 ảnh","","4/5","8 năm trước trên","Google","https://www.gstatic.com/images/branding/product/1x/googleg_48dp.png","phòng sạch sẽ","","Bản dịch của Google","・","Xem bản gốc (Tiếng Anh)","","","Chia sẻ","","","","Thích","","","",""
"https://lh3.googleusercontent.com/a/ACg8ocLRYiI_3I_QHwk84R2E1nz7GzdHRaC0RsRCgjKt1gP13Unzhw=w50-h50-p-rp-mo-br100","tuan nguyen","1 bài đánh giá · 2 ảnh","","4/5","một năm trước trên","Google","https://www.gstatic.com/images/branding/product/1x/googleg_48dp.png","","","","","","","","","","","","","","","",""
"https://lh3.googleusercontent.com/a-/ALV-UjXziFd_uECi7QW37ot_BNLhUWqpvfp7roYV46teDGwTWGMWjSI=w50-h50-p-rp-mo-br100","Truong Nguyen","1 ảnh","","4/5","5 năm trước trên","Google","https://www.gstatic.com/images/branding/product/1x/googleg_48dp.png","","","","","","","","","","","","","","","",""
"https://lh3.googleusercontent.com/a-/ALV-UjXcRQ2GiNiYIJcaKst7jCBIZh8qA_wzkAu8ggnmtm4gyNndbjZI=w50-h50-p-rp-mo-ba12-br100","Nguyễn Nguyện","Local Guide · 43 bài đánh giá · 568 ảnh","","4/5","7 năm trước trên","Google","https://www.gstatic.com/images/branding/product/1x/googleg_48dp.png","","","","","","","","","","","","","","","",""
"https://lh3.googleusercontent.com/a-/ALV-UjVmCE38n5A-KSPbrfhvY_6rjf9_4UVZV7audrGSpGQ9Jw3eczLrRw=w50-h50-p-rp-mo-ba12-br100","Thanh Tùng","Local Guide · 8 bài đánh giá · 44 ảnh","","4/5","9 năm trước trên","Google","https://www.gstatic.com/images/branding/product/1x/googleg_48dp.png","","","","","","","","","","","","","","","",""
"https://lh3.googleusercontent.com/a-/ALV-UjW5KkXAdkM3VsE0eLtYWbSl32Mtd66yphRdxYg4p6PI0RieO4kY=w50-h50-p-rp-mo-br100","Huong Nguyen","4 bài đánh giá · 9 ảnh","","5/5","11 tháng trước trên","Google","https://www.gstatic.com/images/branding/product/1x/googleg_48dp.png","Phòng ngủ đầy đủ tiện nghi, sạch sẽ, yên tĩnh.
Chủ nhà rất thân thiện và nhiệt tình. Hơn 3 tuần ở đây tôi có cảm giác như được ở trong chính ngôi nhà của mình. …","Xem thêm","","","","","","Chia sẻ","","","","Thích","","","",""
"https://lh3.googleusercontent.com/a-/ALV-UjXNag9rsatkRsOvYPGxTqqsPyIPip_-KTgZYiv5303nfTNx6nW7uA=w50-h50-p-rp-mo-ba12-br100","Kỷ Hoàng","Local Guide · 42 bài đánh giá · 81 ảnh","","5/5","2 năm trước trên","Google","https://www.gstatic.com/images/branding/product/1x/googleg_48dp.png","Phòng ổn,giá chấp nhận được, chị chủ nhẹ nhàng thoải mái. ở vị trí khá trung tâm dễ dàng di chuyển. Đi bộ 50m là có siêu thị, hiệu thuốc, ăn uống. Các tiệm thuê xe máy cũng ở loanh quanh và giao xe tận nơi. …","Xem thêm","","","","","","Chia sẻ","","","","Thích","","","",""
"https://lh3.googleusercontent.com/a/ACg8ocKCy7M9hQyM0jhGz_qbBG_Sof7rrQ4OsC3KCQ1SwM-uOwBt0Sk=w50-h50-p-rp-mo-ba12-br100","Ken Mr","Local Guide · 75 bài đánh giá · 89 ảnh","","5/5","9 tháng trước trên","Google","https://www.gstatic.com/images/branding/product/1x/googleg_48dp.png","Hotel có vị trí đúng chỗ mình cần nên ở, phòng khá bình thường nên ko có ý kiến gì","Xem thêm","","","","","","Chia sẻ","","","","Thích","","","",""
"https://lh3.googleusercontent.com/a/ACg8ocJIDjWAHAaR1_9-c-qktHy59CF6ctBX2e0VN_aeG-r_z5PBOg=w50-h50-p-rp-mo-br100","Phúc Hoàng","2 bài đánh giá · 1 ảnh","","5/5","3 năm trước trên","Google","https://www.gstatic.com/images/branding/product/1x/googleg_48dp.png","Đã trải nghiệm , dịch vụ tốt!
Lần sau sẽ quay lại","","","","","","","Chia sẻ","","","","Thích","","","",""
"https://lh3.googleusercontent.com/a-/ALV-UjVnvNZAIZ0q3D_HFXpeVMzg6ygbCbefXe1LfBfOoEb7Xo8idp0W6A=w50-h50-p-rp-mo-ba12-br100","Đạt Mim Cutee","Local Guide · 44 bài đánh giá · 28 ảnh","","5/5","2 năm trước trên","Google","https://www.gstatic.com/images/branding/product/1x/googleg_48dp.png","Phòng ok","Xem thêm","","","","","","Chia sẻ","","","","Thích","","","",""
"","","","","","","","","","","","","","","","","","","","","","","",""
"","","","","","","","","","","","","","","","","","","","","","","",""
"","","","","","","","","","","","","","","","","","","","","","","",""
"","","","","","","","","","","","","","","","","","","","","","","",""
"","","","","","","","","","","","","","","","","","","","","","","",""
"","","","","","","","","","","","","","","","","","","","","","","",""
"","","","","","","","","","","","","","","","","","","","","","","",""
"","","","","","","","","","","","","","","","","","","","","","","",""
"","","","","","","","","","","29 ngày trước","","","","","","","","","","","","",""
"https://lh3.googleusercontent.com/a/ACg8ocIY5qLVwlSBQZcE-6RVm-OWnt7i1vY_8JWEtvbNnPcGKVKO=w50-h50-p-rp-mo-ba12-br100","Simon Titsch","Local Guide · 40 bài đánh giá · 4 ảnh","","1/5","10 tháng trước trên","Google","https://www.gstatic.com/images/branding/product/1x/googleg_48dp.png","Tôi không hiểu sao lại được đánh giá trên 4 sao. Chúng tôi đã đặt phòng đôi. Phòng tắm đầy nấm mốc. Trần nhà, các góc xung quanh bồn rửa và vòi sen đều bị ảnh hưởng nặng. …","Xem thêm","Bản dịch của Google","・","Xem bản gốc (Tiếng Đức)","","","Chia sẻ","","","","","","","",""
"https://lh3.googleusercontent.com/a/ACg8ocLp3nQNYw3J3bbau319mga9lbmSBa0x6hLt88yRKF7lrk90yQ=w50-h50-p-rp-mo-br100","F","5 bài đánh giá · 3 ảnh","","1/5","10 tháng trước trên","Google","https://www.gstatic.com/images/branding/product/1x/googleg_48dp.png","Chúng tôi đặt phòng ở nhà nghỉ này vì họ hứa sẽ cho chúng tôi sử dụng phòng tắm sau khi trả phòng qua WhatsApp, vì chuyến bay của chúng tôi đến tận tối muộn. Khi chúng tôi hỏi vào ngày khởi hành, chúng tôi được thông báo là không thể tắm. Phòng không được sạch sẽ lắm. Có vẻ như họ chỉ thay ga trải giường. Phòng tắm thì bị mốc.","Xem thêm","Bản dịch của Google","・","Xem bản gốc (Tiếng Đức)","","","Chia sẻ","Thông tin phản hồi từ chủ sở hữu","10 tháng trước","Chào bạn thân mến,
Tôi thực sự xin lỗi vì trải nghiệm không mấy dễ chịu của bạn tại đây. Thông thường, chúng tôi luôn cho phép khách để hành lý và tắm rửa sau khi trả phòng. Thật …","Thích","Xem thêm","Bản dịch của Google","・","Xem bản gốc (Tiếng Anh)"
"https://lh3.googleusercontent.com/a/ACg8ocLXB69TEBDJ0DwdvXkhSUZckdrjZ4L6IJCtOwGpBS9RJ4DQ-Q=w50-h50-p-rp-mo-ba12-br100","Alan Collins","Local Guide · 46 bài đánh giá · 4 ảnh","","1/5","một năm trước trên","Google","https://www.gstatic.com/images/branding/product/1x/googleg_48dp.png","Tôi nghĩ nơi này cuối cùng sẽ trở thành ký túc xá chỉ dành cho nữ, bởi vì nam giới không được chào đón ở các khu vực chung, không được cung cấp quạt, hoặc không được đối xử tôn trọng chút nào bởi các nữ sinh, những người đang dần chiếm lĩnh toàn bộ nơi này theo ý thích của họ.","Xem thêm","Bản dịch của Google","・","Xem bản gốc (Tiếng Anh)","","","Chia sẻ","Thông tin phản hồi từ chủ sở hữu","một năm trước","Chào Alan,
Cảm ơn phản hồi của bạn. Chúng tôi rất tiếc khi nghe rằng bạn cảm thấy không thoải mái trong thời gian lưu trú. Chúng tôi muốn làm rõ rằng chúng tôi chào đón cả …","Thích","Xem thêm","Bản dịch của Google","・","Xem bản gốc (Tiếng Anh)"
"https://lh3.googleusercontent.com/local-reviews/AJMZ0QeCck1CfANpZm9bBk3PHtP97Kh9k25HZfvq9yAWlN3BaIyjSHUPEfWkhAJmuYiJsH-_6g=w50-h50-p-rp-br100","Trip.com Member","","","2,2/5","2 tháng trước trên","Trip.com","https://www.gstatic.com/travel-hotels/branding/b8089cb0-34b4-458c-8749-9bc4614baba4.png","Trong phòng hỗn hợp, điều hòa không lạnh, phòng tắm bị ngập nước, và cả phòng rất ẩm thấp. Ngay cả sau khi báo cáo, vấn đề vẫn không được giải quyết. Tôi đã đặt hai đêm, nhưng tôi không thể chịu đựng được và đã rời đi ngay ngày đầu tiên! …","","Bản dịch của Google","・","Xem bản gốc (Tiếng Trung)","","","","","","","","","","",""
"https://lh3.googleusercontent.com/local-reviews/AJMZ0QeCck1CfANpZm9bBk3PHtP97Kh9k25HZfvq9yAWlN3BaIyjSHUPEfWkhAJmuYiJsH-_6g=w50-h50-p-rp-br100","Trip.com Member","","","2,7/5","2 tháng trước trên","Trip.com","https://www.gstatic.com/travel-hotels/branding/b8089cb0-34b4-458c-8749-9bc4614baba4.png","Tôi ở lại đây trong một chuyến đi ngắn cuối tuần, đến muộn (~8 giờ tối) vào thứ Sáu và rời đi sớm (~6/7 giờ sáng) vào thứ Hai. Vì đây là chuyến đi ngắn ngày do tôi đến xem chung kết VCT Thái Bình Dương tại TP.HCM, nên vị trí chỗ ở rất …","","Bản dịch của Google","・","Xem bản gốc (Tiếng Anh)","","","","","","","","","","",""
"https://lh3.googleusercontent.com/a/ACg8ocLeR1YoJZyZ8juUHXTX77xaPaVUZjWeZGhiw8irTQ_CLyfDsg=w50-h50-p-rp-mo-ba12-br100","Ling Lu","Local Guide · 345 bài đánh giá · 837 ảnh","","3/5","3 tháng trước trên","Google","https://www.gstatic.com/images/branding/product/1x/googleg_48dp.png","Vị trí khách sạn khá xa trung tâm thành phố.

Máy lạnh cực kỳ yếu; tôi vẫn đổ mồ hôi dù đã bật máy lạnh. …","Xem thêm","Bản dịch của Google","・","Xem bản gốc (Tiếng Trung)","","","Chia sẻ","","","","Thích","","","",""
"https://lh3.googleusercontent.com/local-reviews/AJMZ0QeCck1CfANpZm9bBk3PHtP97Kh9k25HZfvq9yAWlN3BaIyjSHUPEfWkhAJmuYiJsH-_6g=w50-h50-p-rp-br100","Trip.com Member","","","3/5","một năm trước trên","Trip.com","https://www.gstatic.com/travel-hotels/branding/b8089cb0-34b4-458c-8749-9bc4614baba4.png","Nhà nghỉ này có vẻ hướng đến khách lưu trú dài hạn hơn, nên khách ngắn hạn có thể cảm thấy hơi lạc lõng. Phòng tắm thì có thể sạch sẽ hơn. Tuy nhiên, họ có những chú mèo và một chú chó dễ thương.","","Bản dịch của Google","・","Xem bản gốc (Tiếng Anh)","","","","","","","","","","",""
"https://lh3.googleusercontent.com/local-reviews/AJMZ0QeCck1CfANpZm9bBk3PHtP97Kh9k25HZfvq9yAWlN3BaIyjSHUPEfWkhAJmuYiJsH-_6g=w50-h50-p-rp-br100","Trip.com Member","","","3/5","2 năm trước trên","Trip.com","https://www.gstatic.com/travel-hotels/branding/b8089cb0-34b4-458c-8749-9bc4614baba4.png","Ký túc xá giá rẻ ở trung tâm thành phố. Chúng ta có thể ở với giá thấp bao gồm bữa sáng.","","Bản dịch của Google","・","Xem bản gốc (Tiếng Anh)","","","","","","","","","","",""
"https://lh3.googleusercontent.com/a-/ALV-UjXE_DKR-QFEisJieHL6dMHKImAffCERscHY2rSxXGqpZHdPOzWM=w50-h50-p-rp-mo-ba12-br100","Alan Watts","Local Guide · 179 bài đánh giá · 90 ảnh","","3/5","4 tháng trước trên","Google","https://www.gstatic.com/images/branding/product/1x/googleg_48dp.png","Hơi lộn xộn và bừa bộn. Phòng tắm trong phòng hơi bẩn. Dịch vụ không được thân thiện lắm. Không có chỗ đậu xe máy. Mèo thì thân thiện và mềm mại.","Xem thêm","Bản dịch của Google","・","Xem bản gốc (Tiếng Anh)","","","Chia sẻ","","","","Thích","","","",""
"https://lh3.googleusercontent.com/local-reviews/AJMZ0QeCck1CfANpZm9bBk3PHtP97Kh9k25HZfvq9yAWlN3BaIyjSHUPEfWkhAJmuYiJsH-_6g=w50-h50-p-rp-br100","Trip.com Member","","","3,5/5","một năm trước trên","Trip.com","https://www.gstatic.com/travel-hotels/branding/b8089cb0-34b4-458c-8749-9bc4614baba4.png","Nhà nghỉ tốt, nhân viên thân thiện. Phải đi bộ một đoạn ngắn đến trung tâm thành phố nhưng như vậy sẽ thoải mái hơn.","","Bản dịch của Google","・","Xem bản gốc (Tiếng Anh)","","","","","","","","","","",""
"https://lh3.googleusercontent.com/local-reviews/AJMZ0QeCck1CfANpZm9bBk3PHtP97Kh9k25HZfvq9yAWlN3BaIyjSHUPEfWkhAJmuYiJsH-_6g=w50-h50-p-rp-br100","Trip.com Member","","","3,7/5","một năm trước trên","Trip.com","https://www.gstatic.com/travel-hotels/branding/b8089cb0-34b4-458c-8749-9bc4614baba4.png","Nếu bạn là người thích sự yên tĩnh, thì nhà nghỉ này là dành cho bạn. Nó chỉ cách quận 1 khoảng 10-15 phút nhưng rất đáng giá. Từ nhân viên đến bà chủ, tất cả đều vô cùng nhiệt tình và thân thiện.","","Bản dịch của Google","・","Xem bản gốc (Tiếng Anh)","","","","","","","","","","",""
"https://lh3.googleusercontent.com/a-/ALV-UjXC2lJ23Bh5UxK0WjSh7T_RL_LXBVs7gL3rpYrYumTX0DVDeG09dQ=w50-h50-p-rp-mo-ba12-br100","yorle carvajal","Local Guide · 32 bài đánh giá · 67 ảnh","","4/5","10 tháng trước trên","Google","https://www.gstatic.com/images/branding/product/1x/googleg_48dp.png","Sự đón tiếp từ chủ nhà rất nồng ấm và thân thiện. Nhà nghỉ có bầu không khí yên tĩnh và thoải mái, và những con vật nuôi của họ càng làm cho kỳ nghỉ thêm tuyệt vời — được nhìn thấy chúng khi đến nơi là sự chào đón tốt nhất mà một nhà nghỉ …","Xem thêm","Bản dịch của Google","・","Xem bản gốc (Tiếng Anh)","","","Chia sẻ","","","","Thích","","","",""
"https://lh3.googleusercontent.com/a-/ALV-UjXo8sINhse3Mgihzbp9GJ-4SGkNS7kADDH4khnE-9nifX-GhHdz=w50-h50-p-rp-mo-ba12-br100","gontakhy h","Local Guide · 445 bài đánh giá · 1.635 ảnh","","4/5","2 năm trước trên","Google","https://www.gstatic.com/images/branding/product/1x/googleg_48dp.png","Cơ sở vật chất mới và giá cả rất hợp lý. Nhân viên nhiệt tình và hỗ trợ. Chú chó Shiba Inu cưng của họ, ""Omochi,"" rất đáng yêu và dễ thương. …","Xem thêm","Bản dịch của Google","・","Xem bản gốc (Tiếng Nhật)","","","Chia sẻ","","","","Thích","","","",""
"https://lh3.googleusercontent.com/a-/ALV-UjUwQ7EPG-CdJ4Mph-qwIibzjOGTCae47Gq_Fq5I2V4Dsfx1mKA=w50-h50-p-rp-mo-ba12-br100","Rincevent","Local Guide · 38 bài đánh giá · 26 ảnh","","4/5","một năm trước trên","Google","https://www.gstatic.com/images/branding/product/1x/googleg_48dp.png","Giá cả cực kỳ hợp lý cho một phòng nghỉ ở thành phố lớn; phòng nhỏ nhưng đầy đủ tiện nghi. Nhân viên rất dễ thương và nhiệt tình giúp đỡ. Lưu ý rằng bữa sáng không bao gồm cà phê, nhưng điều đó sẽ không làm hỏng kỳ nghỉ của bạn 😉. …","Xem thêm","Bản dịch của Google","・","Xem bản gốc (Tiếng Pháp)","","","Chia sẻ","","","","Thích","","","",""
"https://lh3.googleusercontent.com/a-/ALV-UjXtGRbtBNP2KTSoiluwRMDeBzyPx7q23NVfaj95zMbJvV1jIko=w50-h50-p-rp-mo-ba12-br100","Banioushka","Local Guide · 117 bài đánh giá · 72 ảnh","","4/5","2 năm trước trên","Google","https://www.gstatic.com/images/branding/product/1x/googleg_48dp.png","Nhân viên thân thiện, nhiệt tình, chú chó vui tính, phòng riêng nhỏ nhưng sạch sẽ và thoải mái.","Xem thêm","Bản dịch của Google","・","Xem bản gốc (Tiếng Anh)","","","Chia sẻ","","","","Thích","","","",""
"https://lh3.googleusercontent.com/a/ACg8ocIZnfSsXB0oz-Gkqt8q_74s-TCNUCxqL27kbpWthUemRAceqQ=w50-h50-p-rp-mo-ba12-br100","jessica vasold","Local Guide · 23 bài đánh giá · 23 ảnh","","4/5","2 năm trước trên","Google","https://www.gstatic.com/images/branding/product/1x/googleg_48dp.png","","Xem thêm","","","","","","Chia sẻ","","","","Thích","","","",""
"https://lh3.googleusercontent.com/a/ACg8ocIvZQHbteqo_HpL4MD9Ro1TTAzT5O1nrIilrBWDjFcZPK0MfA=w50-h50-p-rp-mo-br100","Nicole LE HUU","5 bài đánh giá","","4/5","2 năm trước trên","Google","https://www.gstatic.com/images/branding/product/1x/googleg_48dp.png","","Xem thêm","","","","","","Chia sẻ","","","","Thích","","","",""
"https://lh3.googleusercontent.com/local-reviews/AJMZ0QeCck1CfANpZm9bBk3PHtP97Kh9k25HZfvq9yAWlN3BaIyjSHUPEfWkhAJmuYiJsH-_6g=w50-h50-p-rp-br100","Trip.com Member","","","4,2/5","2 tháng trước trên","Trip.com","https://www.gstatic.com/travel-hotels/branding/b8089cb0-34b4-458c-8749-9bc4614baba4.png","Tôi yêu bạn, Mochi. Bạn thật sự đáng yêu. Đúng vậy, tôi đặt vé đến nơi này chỉ để gặp hai người dễ thương này; Mochi & Gatsby. Nơi này cũng nằm ở một khu phố quyến rũ - nếu bạn thích người dân địa phương. Hãy sử dụng Google Maps và bạn có thể di chuyển nhanh chóng như người bản địa. Có trạm xe buýt công cộng gần đó.","","Bản dịch của Google","・","Xem bản gốc (Tiếng Anh)","","","","","","","","","","",""
"https://lh3.googleusercontent.com/local-reviews/AJMZ0QeCck1CfANpZm9bBk3PHtP97Kh9k25HZfvq9yAWlN3BaIyjSHUPEfWkhAJmuYiJsH-_6g=w50-h50-p-rp-br100","Trip.com Member","","","4,2/5","10 tháng trước trên","Trip.com","https://www.gstatic.com/travel-hotels/branding/b8089cb0-34b4-458c-8749-9bc4614baba4.png","Tôi yêu thú cưng. Vị trí tốt và dễ dàng di chuyển. Nhân viên thân thiện. Cơ sở vật chất tốt.","","Bản dịch của Google","・","Xem bản gốc (Tiếng Anh)","","","","","","","","","","",""
"https://lh3.googleusercontent.com/local-reviews/AJMZ0QeCck1CfANpZm9bBk3PHtP97Kh9k25HZfvq9yAWlN3BaIyjSHUPEfWkhAJmuYiJsH-_6g=w50-h50-p-rp-br100","Trip.com Member","","","4,5/5","một năm trước trên","Trip.com","https://www.gstatic.com/travel-hotels/branding/b8089cb0-34b4-458c-8749-9bc4614baba4.png","Khách sạn nằm ở ngoại ô, nhưng có rất nhiều quán ăn gần đó! Có một khu chợ đêm nhỏ bán bánh tráng rất rẻ! Ngoài ra còn có một phố bar ​​và một phố nhà hàng Nhật Bản, khá độc đáo! Gần đó cũng có nhiều quán cà phê, tuy nhiên đồ uống hơi đắt! …","","Bản dịch của Google","・","Xem bản gốc (Tiếng Trung)","","","","","","","","","","",""
"https://lh3.googleusercontent.com/local-reviews/AJMZ0QeCck1CfANpZm9bBk3PHtP97Kh9k25HZfvq9yAWlN3BaIyjSHUPEfWkhAJmuYiJsH-_6g=w50-h50-p-rp-br100","Trip.com Member","","","4,5/5","một năm trước trên","Trip.com","https://www.gstatic.com/travel-hotels/branding/b8089cb0-34b4-458c-8749-9bc4614baba4.png","Khách sạn này khá tốt để ở một đêm, nhưng nếu bạn muốn ở nhiều ngày hơn thì tôi nghĩ nó không tiện lắm. Có rất nhiều mèo trong sảnh khách sạn và nếu bạn bị dị ứng thì hãy cẩn thận vì chúng đến và ngồi khắp nơi. Bữa sáng gồm trà và cháo yến …","","Bản dịch của Google","・","Xem bản gốc (Tiếng Anh)","","","","","","","","","","",""
"https://lh3.googleusercontent.com/local-reviews/AJMZ0QeCck1CfANpZm9bBk3PHtP97Kh9k25HZfvq9yAWlN3BaIyjSHUPEfWkhAJmuYiJsH-_6g=w50-h50-p-rp-br100","Trip.com Member","","","4,5/5","một năm trước trên","Trip.com","https://www.gstatic.com/travel-hotels/branding/b8089cb0-34b4-458c-8749-9bc4614baba4.png","Nơi nghỉ tuyệt vời để ở vài ngày. Rất hiện đại. Có vài thú cưng sống ở đó. Yên tĩnh và lịch sự vào ban đêm. Tôi thực sự thích nơi này - bạn được ăn sáng miễn phí đến 11 giờ ;) Hơi xa trung tâm một chút.","","Bản dịch của Google","・","Xem bản gốc (Tiếng Anh)","","","","","","","","","","",""
"https://lh3.googleusercontent.com/local-reviews/AJMZ0QeCck1CfANpZm9bBk3PHtP97Kh9k25HZfvq9yAWlN3BaIyjSHUPEfWkhAJmuYiJsH-_6g=w50-h50-p-rp-br100","Trip.com Member","","","4,7/5","một năm trước trên","Trip.com","https://www.gstatic.com/travel-hotels/branding/b8089cb0-34b4-458c-8749-9bc4614baba4.png","Chủ nhà (Coco) rất tốt bụng. Chó và mèo rất đáng yêu!!!! Tôi thích phòng ngủ tập thể chỉ dành cho nữ vì chỉ có 4 giường. Giường rất thoải mái. Phòng tắm riêng rất tuyệt! Phòng cũng có một cửa sổ lớn với dây leo xung quanh, rất quyến rũ và …","","Bản dịch của Google","・","Xem bản gốc (Tiếng Anh)","","","","","","","","","","",""
"https://lh3.googleusercontent.com/local-reviews/AJMZ0QeCck1CfANpZm9bBk3PHtP97Kh9k25HZfvq9yAWlN3BaIyjSHUPEfWkhAJmuYiJsH-_6g=w50-h50-p-rp-br100","Trip.com Member","","","4,7/5","2 năm trước trên","Trip.com","https://www.gstatic.com/travel-hotels/branding/b8089cb0-34b4-458c-8749-9bc4614baba4.png","Nhà nghỉ rất tốt với môi trường sống tuyệt vời và khu vực sinh hoạt chung hoàn hảo để trò chuyện với những người đến từ khắp nơi trên thế giới. Rất nên chọn nếu bạn là người đi du lịch một mình và sẵn sàng chia sẻ câu chuyện của mình với người khác.","","Bản dịch của Google","・","Xem bản gốc (Tiếng Anh)","","","","","","","","","","",""
"https://lh3.googleusercontent.com/a-/ALV-UjXKrdtn2sXl7i1n9QmG-Dl3lLd6cSrFFhed8d6_LiZYkxqcmz07=w50-h50-p-rp-mo-br100","Hạnh Trịnh","3 bài đánh giá · 3 ảnh","","5/5","3 tháng trước trên","Google","https://www.gstatic.com/images/branding/product/1x/googleg_48dp.png","Good good nice, phòng ok , có bầy tiếp tân 4 chân yêu lắm dth","Xem thêm","","","","","","Chia sẻ","","","","Thích","","","",""
"https://lh3.googleusercontent.com/a-/ALV-UjWGn6Hx4vnFYhix6bhZ2fHxq4sNcQqNR_QGYoxSgFpn_5u5Sz6B=w50-h50-p-rp-mo-ba12-br100","tui's journey","Local Guide · 116 bài đánh giá · 334 ảnh","","5/5","2 năm trước trên","Google","https://www.gstatic.com/images/branding/product/1x/googleg_48dp.png","Không gian ấm cúng cùng chó mèo, uống cafe chill. Gần dorm cái gì cũng có do mình không có thuê xe nên ngại di chuyển nhiều, từ nhà thuốc cửa hàng tiện lợi đến quán ăn. Chị chủ dễ thương, mấy bé lễ tân nhiệt tình giúp mình đỡ tốn thời gian suy nghĩ. 10₫ nha","Xem thêm","","","","","","Chia sẻ","","","","","","","",""
"https://lh3.googleusercontent.com/a-/ALV-UjV0a8VApKu0VRGw7ruwBTSVAkNySsyiIBwlnmkDHOWNxm-91_pZjQ=w50-h50-p-rp-mo-ba12-br100","Vũ Thị Kim Chi","Local Guide · 316 bài đánh giá · 685 ảnh","","5/5","một năm trước trên","Google","https://www.gstatic.com/images/branding/product/1x/googleg_48dp.png","Phòng ok, giá ok. Nhân sự không được thân thiện lắm. Có mấy con chó mèo dễ thương","Xem thêm","","","","","","Chia sẻ","","","","Thích","","","",""
"https://lh3.googleusercontent.com/a-/ALV-UjUE99mFwhg-hSbChcbjkJGA_To2fGjoKn8srDzPKlHFJKWXXC1_=w50-h50-p-rp-mo-ba12-br100","Cậu Tú Vlog CT","Local Guide · 99 bài đánh giá · 10.105 ảnh","","5/5","10 tháng trước trên","Google","https://www.gstatic.com/images/branding/product/1x/googleg_48dp.png","Tiện nghi  ,sạch sẽ, giá hợp lý","Xem thêm","","","","","","Chia sẻ","","","","Thích","","","",""
"https://lh3.googleusercontent.com/a/ACg8ocJXYHDxDsKceitQpLqucdFfUx8ezgXIiMtQIyAm5A9y58yZTA=w50-h50-p-rp-mo-br100","Gao Thoc","3 bài đánh giá","","5/5","9 tháng trước trên","Google","https://www.gstatic.com/images/branding/product/1x/googleg_48dp.png","Quá tuyệt vời","Xem thêm","","","","","","Chia sẻ","","","","Thích","","","",""
"https://lh3.googleusercontent.com/a-/ALV-UjXTy1nz85LNRr13-BW1ioYjZLYn6Vtz7dAgp98f_auKXK34eZex=w50-h50-p-rp-mo-ba12-br100","Kim Chi Phạm","Local Guide · 60 bài đánh giá · 81 ảnh","","5/5","2 năm trước trên","Google","https://www.gstatic.com/images/branding/product/1x/googleg_48dp.png","","Xem thêm","","","","","","Chia sẻ","","","","Thích","","","",""
"","","","","","","","","","","","","","","","Khách sạn","","","","Nhà/căn hộ du lịch","","","",""
"","","","","","","","","","","","","","","","","","","","","","","",""
"","","","","","","","","","","","","","","","","","","","","","","",""
"","","","","","","","","","","Wi-Fi miễn phí","Đỗ xe miễn phí","","","","Truy cập trang web","","","","","","Có điều hòa nhiệt độ","Bữa sáng",""
"","","","","","","","","","","Bữa sáng miễn phí","Wi-Fi miễn phí","","","","","","","","","","Bữa sáng","Wi-Fi",""
"","","","","","","","","","","Bể bơi","Bữa sáng miễn phí","","","","","","","","","","Wi-Fi miễn phí","Có điều hòa nhiệt độ",""
"","","","","","","","","","","Wi-Fi miễn phí","Có điều hòa nhiệt độ","","","","","","","","","","Wi-Fi","",""
"","","","","","","","","","","","","","","","","","","","","","","",""
"","","","","","","","","","","","","","","","","","","","","","","",""
"https://lh3.googleusercontent.com/a-/ALV-UjVB4kn40_ze8chXz11xOItCwf6HvCpHliqFoEQqpKXxiBWWoo2sTA=w50-h50-p-rp-mo-ba12-br100","Vo Thuy","Local Guide · 29 bài đánh giá · 181 ảnh","","1/5","một năm trước trên","Google","https://www.gstatic.com/images/branding/product/1x/googleg_48dp.png","Mình có đặt phòng qua Traveloka và có yêu cầu xuất hoá đơn thì Traveloka không nhận xuất hoá đơn và bên khách sạn cũng từ chối.
2 bên đùn đẩy cho nhau.
Các bạn đặt phòng nên cân nhắc nếu phải xuất VAT như mình khi đặt qua Traveloka 😵‍💫

Phòng nhỏ, vị trí vào ngõ bé.","","","","","","","Chia sẻ","Thông tin phản hồi từ chủ sở hữu","một năm trước","Xin chào chị Vo Thuy,
Chúng tôi rất tiếc về sự bất tiện chị đã gặp phải. Vì đặt phòng của chị được thực hiện và thanh toán thông qua Traveloka, là một đối tác thứ ba, nên khách sạn …","Thích","Xem thêm","","",""
"https://lh3.googleusercontent.com/a/ACg8ocL275uwezN7KsRjaFS6o7BWdmwxByuqoDWiEWLDVDuvOQHWig=w50-h50-p-rp-mo-br100","Thien Nguyen","1 bài đánh giá","","1/5","8 tháng trước trên","Google","https://www.gstatic.com/images/branding/product/1x/googleg_48dp.png","Phòng thì cũ, giường thì dơ mà phục vụ và thái độ quá tệ","Xem thêm","","","","","","Chia sẻ","","","","Thích","","","",""
"https://lh3.googleusercontent.com/a/ACg8ocLcqDK8YwPDhuaAgKLgYnINZZtmfzYV2Rlsvtvf3TWUE4yIz6A=w50-h50-p-rp-mo-ba12-br100","P S","Local Guide · 125 bài đánh giá · 398 ảnh","","1/5","Thời gian chỉnh sửa: 2 năm trước trên","Google","https://www.gstatic.com/images/branding/product/1x/googleg_48dp.png","Khách sạn sạch sẽ phòng ốc ổn
Nhân viên thân thiện
Mỗi tội bị mất đồ của mình …","Xem thêm","","","","","","Chia sẻ","Thông tin phản hồi từ chủ sở hữu","3 năm trước","Xin chào chị Duyên. Cảm ơn chị đã dành thời gian đánh giá cho The Bloom và rất lấy làm tiếc vì sự việc mình gặp phải. Tuy nhiên sau khi kiểm tra lại với nhân viên và hệ thống quản lý khách thì em không thấy ghi nhận có khách nào có tên hay …","","Xem thêm","","",""
"https://lh3.googleusercontent.com/a/ACg8ocKUYru15O88iFeQUN_kHbq45FrRehdLgIGCzjjtgWRUSvKtzw=w50-h50-p-rp-mo-br100","Nguyen Anna","3 bài đánh giá","","1/5","6 năm trước trên","Google","https://www.gstatic.com/images/branding/product/1x/googleg_48dp.png","Bạn nam nhân ở quầy tiếp tân thái độ không tốt. Nói chuyện vô duyên. Khách đến mà hỏi “ có đi khách sạn nhiều chưa “ . Muốn đòi thêm tiền. Thái độ không tôn trọng khách.  (24/11 lúc 22:30 )","Xem thêm","","","","","","Chia sẻ","","","","","","","",""
"https://lh3.googleusercontent.com/a-/ALV-UjWiE5HUe86yQMTwloucvRCuElK0NkSpnUFtOBx16Luky7jOcrF3WA=w50-h50-p-rp-mo-ba12-br100","Ngoc Nguyen","Local Guide · 66 bài đánh giá · 144 ảnh","","1/5","một năm trước trên","Google","https://www.gstatic.com/images/branding/product/1x/googleg_48dp.png","DV tệ thông tin phòng ko rõ ràng","Xem thêm","","","","","","Chia sẻ","Thông tin phản hồi từ chủ sở hữu","một năm trước","Kính gửi Quý khách Ngoc Nguyen,

The Bloom Phạm Viết Chánh rất tiếc khi biết rằng trải nghiệm của Quý khách tại …","Thích","Xem thêm","","",""
"https://lh3.googleusercontent.com/a-/ALV-UjUnESElxxXvvv_K5O6conqAT_ZG1v7Z0x5ZWgfuTRfDW1BYNAySVw=w50-h50-p-rp-mo-br100","Bao Khoa Thai Le","9 bài đánh giá · 3 ảnh","","1/5","một tháng trước trên","Google","https://www.gstatic.com/images/branding/product/1x/googleg_48dp.png","Nhân viên lễ tân thái độ với khách hàng","","","","","","","Chia sẻ","","","","Thích","","","",""
"https://lh3.googleusercontent.com/a-/ALV-UjX9CmYTPWwBCSSMwDtJKvkc9jSO-9k38NHF_UX2bSHsiFhs2UI8=w50-h50-p-rp-mo-br100","Nam Anh Nguyen","3 bài đánh giá · 1 ảnh","","1/5","8 tháng trước trên","Google","https://www.gstatic.com/images/branding/product/1x/googleg_48dp.png","Tôi đã ở lại khách sạn này một đêm vào tháng 11 năm 2025 và đó là một trải nghiệm RẤT TỆ, KINH KHỦNG. …","Xem thêm","Bản dịch của Google","・","Xem bản gốc (Tiếng Anh)","","","Chia sẻ","","","","Thích","","","",""
"https://lh3.googleusercontent.com/a-/ALV-UjVh3j5WoKaqQcqzC8RMGuoCG9vqrEktwjJiQqLOn0sPdwWBi-73=w50-h50-p-rp-mo-ba12-br100","Nick Ferguson","Local Guide · 41 bài đánh giá · 26 ảnh","","1/5","2 năm trước trên","Google","https://www.gstatic.com/images/branding/product/1x/googleg_48dp.png","Tôi đã ở đây nhiều lần, và mỗi lần đều gặp phải một vấn đề khác nhau. Vị trí thì tuyệt vời, gần quán cà phê yêu thích của tôi, đó là một điểm cộng lớn nên tôi mới cho họ nhiều cơ hội như vậy. …","Xem thêm","Bản dịch của Google","・","Xem bản gốc (Tiếng Anh)","","","Chia sẻ","Thông tin phản hồi từ chủ sở hữu","2 năm trước","Thân gửi Nick Melhuish
Lời chào trân trọng nhất từ ​​The Bloom. Chúng tôi rất hân hạnh được phục vụ quý khách trong những khoảnh khắc đáng nhớ. Chúng tôi chân thành cảm ơn quý khách …","","Xem thêm","Bản dịch của Google","・","Xem bản gốc (Tiếng Anh)"
"https://lh3.googleusercontent.com/a-/ALV-UjWf4wJW2JzqOTGqil3uCAP7fQo_CjczlFySPRKhpgIkF51ewc2m=w50-h50-p-rp-mo-ba12-br100","Trọng Nhân Trương","Local Guide · 10 bài đánh giá · 5 ảnh","","1/5","một năm trước trên","Google","https://www.gstatic.com/images/branding/product/1x/googleg_48dp.png","Chính sách khách sạn cực kỳ cứng nhắc – Trải nghiệm đáng thất vọng
Tôi đã có một trải nghiệm rất khó chịu với khách sạn này do chính sách thiếu linh hoạt của họ. Ban đầu tôi đặt phòng 5 đêm qua Agoda, nhưng vô tình chọn 1 khách …","Xem thêm","Bản dịch của Google","・","Xem bản gốc (Tiếng Anh)","","","Chia sẻ","Thông tin phản hồi từ chủ sở hữu","một năm trước","Kính gửi quý khách,

Cảm ơn quý khách đã phản hồi. Chúng tôi thành thật xin lỗi vì bất kỳ sự bất tiện …","","Xem thêm","Bản dịch của Google","・","Xem bản gốc (Tiếng Anh)"
"https://lh3.googleusercontent.com/a-/ALV-UjX2482512RfLVDDqeIchQGXYELffxYpCLqN2IEDaEnXVWNaELC6FQ=w50-h50-p-rp-mo-ba12-br100","Manuel Hackl","Local Guide · 107 bài đánh giá · 72 ảnh","","1/5","3 năm trước trên","Google","https://www.gstatic.com/images/branding/product/1x/googleg_48dp.png","Được quảng cáo là khách sạn 4 sao. Thực chất nó chỉ là một tòa nhà căn hộ dịch vụ chứ không phải khách sạn đúng nghĩa. Ngay cả khách sạn 2 sao cũng có tiện nghi tốt hơn. Hình ảnh đăng tải không phản ánh thực tế. Bồn tắm Jacuzzi được quảng …","Xem thêm","Bản dịch của Google","・","Xem bản gốc (Tiếng Anh)","","","Chia sẻ","","","","","","","",""
"https://lh3.googleusercontent.com/a-/ALV-UjVO2U75vzqR1JLXzjqN3IHufrsrhQasQn6RDkPIU2i-Q8vBTrgc=w50-h50-p-rp-mo-br100","Anders Bobek","11 bài đánh giá · 3 ảnh","","1/5","3 năm trước trên","Google","https://www.gstatic.com/images/branding/product/1x/googleg_48dp.png","Máy lạnh không hoạt động nên phòng nóng như phòng xông hơi. Ga trải giường bẩn, đồ đạc của khách trước vẫn còn trong phòng khi chúng tôi đến - và chỗ đó đã kín phòng nên chúng tôi không thể có được một phòng sạch sẽ với máy lạnh hoạt động …","Xem thêm","Bản dịch của Google","・","Xem bản gốc (Tiếng Anh)","","","Chia sẻ","","","","","","","",""
"https://lh3.googleusercontent.com/a-/ALV-UjXKT1EMMxd-MfQu0xWhOJE63hnD3bmQ9g3m_csFws8GjqatLtM=w50-h50-p-rp-mo-ba12-br100","Brett","Local Guide · 986 bài đánh giá · 890 ảnh","","1/5","6 năm trước trên","Google","https://www.gstatic.com/images/branding/product/1x/googleg_48dp.png","Nơi này đã xuống cấp trầm trọng trong vài tuần qua. Thứ nhất, bạn sẽ không thể ngủ được ở đây vì tiếng ồn xây dựng kinh khủng nhất mà bạn từng nghe trong đời. Tiếng búa, tiếng khoan vang thẳng vào tai bạn lúc 7:30 sáng mỗi ngày, KỂ CẢ cuối …","Xem thêm","Bản dịch của Google","・","Xem bản gốc (Tiếng Anh)","","","Chia sẻ","","","","","","","",""
"https://lh3.googleusercontent.com/local-reviews/AJMZ0QeWB0GIG9gGd6g9zDFXwjE9TRuKRtAO6HvwA5jEdK_CrOJXcVxp8esjQRYTFMjay2JK=w50-h50-p-rp-br100","813namanhn","","","1/5","8 tháng trước trên","Tripadvisor","https://www.gstatic.com/travel-hotels/branding/icon_100532569.png","Tôi đã ở lại một đêm vào tháng 11 năm 2025 và đó là một trải nghiệm RẤT TỆ, KINH KHỦNG tại khách sạn này (The Bloom Pham Viet Chanh).|1/ Phòng: Ga trải giường cũ và bẩn, sờn rách. Ga bọc nệm có mùi khó chịu và bị ố vàng.|2/ Dịch vụ: Tôi đã …","","Bản dịch của Google","・","Xem bản gốc (Tiếng Anh)","","","","","","","","","","",""
"https://lh3.googleusercontent.com/a-/ALV-UjVeuh1SmXVGH-GB0IoMni4q9-ryPWZs7CHuIXqKnyvxi9IEiJ8=w50-h50-p-rp-mo-br100","Jack Nguyen","1 bài đánh giá","","1/5","8 tháng trước trên","Google","https://www.gstatic.com/images/branding/product/1x/googleg_48dp.png","Dịch vụ tệ, giường cũ và bẩn.","Xem thêm","Bản dịch của Google","・","Xem bản gốc (Tiếng Anh)","","","Chia sẻ","","","","Thích","","","",""
"https://lh3.googleusercontent.com/a-/ALV-UjW5Uessy6WNHy_BiNm05b-fgUBY5puIgjZWm-Giy4O7HGLrhb1J=w50-h50-p-rp-mo-br100","Benjamin Gothelf","4 bài đánh giá","","1/5","7 tháng trước trên","Google","https://www.gstatic.com/images/branding/product/1x/googleg_48dp.png","","Xem thêm","","","","","","Chia sẻ","","","","Thích","","","",""
"https://lh3.googleusercontent.com/a/ACg8ocLPFI_WJ-KHsJXXmV1BTNGEGnsXIdF40h9du8NeYCG0Ou4Y5g=w50-h50-p-rp-mo-br100","DONGHO KIM","1 bài đánh giá","","1/5","3 tháng trước trên","Google","https://www.gstatic.com/images/branding/product/1x/googleg_48dp.png","Dịch vụ tệ hại. Tôi không hề làm bẩn ga trải giường, nhưng họ tính thêm 1,3 triệu VND với lý do tôi làm bẩn, nên tôi phải gọi cảnh sát để giải quyết. Hình như đây là vấn đề thường xuyên xảy ra. Mọi người hãy cẩn thận.","Xem thêm","Bản dịch của Google","・","Xem bản gốc (Tiếng Hàn)","","","Chia sẻ","","","","Thích","","","",""
"https://lh3.googleusercontent.com/a-/ALV-UjXjG5JWo7SPuFq8mOzMbUUU3eKvB8WvqmteUKU2F4YsEZBf4LjY=w50-h50-p-rp-mo-br100","tan nguyen","3 bài đánh giá · 2 ảnh","","1/5","một tuần trước trên","Google","https://www.gstatic.com/images/branding/product/1x/googleg_48dp.png","Hãy tự chịu rủi ro khi ở khách sạn này! Nhân viên không hề đề cập đến việc có một cột phát sóng di động ngay bên ngoài cửa sổ phòng tôi, cách khoảng 3 mét.
Tôi yêu cầu đổi phòng, nhưng họ nói không thể và từ chối hoàn tiền nếu tôi hủy đặt phòng; tôi đã rời đi ngay lập tức mà không do dự. An toàn sức khỏe quan trọng hơn nhiều.","Xem thêm","Bản dịch của Google","・","Xem bản gốc (Tiếng Anh)","","","Chia sẻ","","","","Thích","","","",""
"https://lh3.googleusercontent.com/a-/ALV-UjUUo1voPg3g91W6zB5aNnCCpY5Iz-2iVf73S2l_EPBVkKIfwvVseA=w50-h50-p-rp-mo-ba12-br100","Thắng Nguyễn Kiều","Local Guide · 8 bài đánh giá · 13 ảnh","","1/5","6 năm trước trên","Google","https://www.gstatic.com/images/branding/product/1x/googleg_48dp.png","","","","","","","","","","","","","","","",""
"https://lh3.googleusercontent.com/local-reviews/AJMZ0QeCck1CfANpZm9bBk3PHtP97Kh9k25HZfvq9yAWlN3BaIyjSHUPEfWkhAJmuYiJsH-_6g=w50-h50-p-rp-br100","Trip.com Member","","","1,5/5","một năm trước trên","Trip.com","https://www.gstatic.com/travel-hotels/branding/b8089cb0-34b4-458c-8749-9bc4614baba4.png","Tôi đã đặt hai phòng cho một người bạn và thanh toán trước. Vào ngày đến, họ nói rằng phòng đôi chỉ dành cho một người, và hai người sẽ phải trả thêm 1 triệu Đài tệ. Ban đầu bạn tôi muốn xem phòng, nghĩ rằng nếu được xem thì họ sẽ bị lừa …","","Bản dịch của Google","・","Xem bản gốc (Tiếng Trung)","","","","","","","","","","",""
"https://lh3.googleusercontent.com/a/ACg8ocIhJyoSv-Z2Gy2i4vISEBD-UARNU1BNiWzNzGRHU2QXcWlehA=w50-h50-p-rp-mo-br100","Quan Nguyen","5 bài đánh giá","","2/5","một năm trước trên","Google","https://www.gstatic.com/images/branding/product/1x/googleg_48dp.png","Tôi đã ở đây vài lần rồi, tổng cộng 4 lần, có lần ngắn ngày và có lần dài ngày. Tôi thậm chí còn rủ bạn mình đặt phòng ở khách sạn này nữa. Trước đây ở đây không có vấn đề gì lớn. Gần nhiều nơi. Ví dụ, quận 1 và 2 chỉ cách đó 10 phút. Khu …","Xem thêm","Bản dịch của Google","・","Xem bản gốc (Tiếng Anh)","","","Chia sẻ","","","","Thích","","","",""
"https://lh3.googleusercontent.com/a-/ALV-UjWjl7yqzQvZxyH8Wxn-QUl_sc9-FFZgBoqhK4URXAQ9Ri5nrmq8lA=w50-h50-p-rp-mo-ba12-br100","Tsu An Chung","Local Guide · 17 bài đánh giá · 7 ảnh","","2/5","một năm trước trên","Google","https://www.gstatic.com/images/branding/product/1x/googleg_48dp.png","Tôi từng rất yêu thích khách sạn này và hầu như cứ một đến hai tuần lại ở đây một lần. Nhưng gần đây nó khiến tôi rất thất vọng. Khách sạn không cho phép trả phòng muộn dù dịch vụ này được ghi trên ứng dụng khi tôi đặt phòng, WiFi thì kém, …","Xem thêm","Bản dịch của Google","・","Xem bản gốc (Tiếng Anh)","","","Chia sẻ","Thông tin phản hồi từ chủ sở hữu","một năm trước","Kính gửi bà Tsu An Chung,

Cảm ơn bà đã chia sẻ phản hồi. Chúng tôi thực sự trân trọng sự tin tưởng của bà …","Thích","Xem thêm","Bản dịch của Google","・","Xem bản gốc (Tiếng Anh)"
"https://lh3.googleusercontent.com/a/ACg8ocKC0C99RTwqjV6KIe_J1YixjFJ5QC95DSJLSQYTowFGfQkWIA=w50-h50-p-rp-mo-ba12-br100","Carina Herzog","Local Guide · 15 bài đánh giá · 5 ảnh","","2/5","2 năm trước trên","Google","https://www.gstatic.com/images/branding/product/1x/googleg_48dp.png","Khách sạn có vị trí khá tốt. Tuy nhiên, các phòng đã cũ và tường được sơn lại. Bữa sáng cũng khá sơ sài... Tôi không biết những đánh giá 5 sao đến từ đâu; tôi chắc chắn không thấy khách sạn này xứng đáng 5 sao. Nó chỉ là khách sạn 2 sao là …","Xem thêm","Bản dịch của Google","・","Xem bản gốc (Tiếng Đức)","","","Chia sẻ","Thông tin phản hồi từ chủ sở hữu","2 năm trước","Kính gửi bà Carina Herzog, Cảm ơn bà đã lưu trú tại khách sạn chúng tôi và đã chia sẻ trải nghiệm của mình. …","","Xem thêm","Bản dịch của Google","・","Xem bản gốc (Tiếng Anh)"
"https://lh3.googleusercontent.com/a-/ALV-UjU0O0iuIohEgyAhBScPq56HMXChgZFy6YF7blJjuIgIJ3nINu1i=w50-h50-p-rp-mo-br100","Mihika Kulkarni","2 bài đánh giá","","2/5","3 năm trước trên","Google","https://www.gstatic.com/images/branding/product/1x/googleg_48dp.png","Kỳ nghỉ này không tệ, căn hộ có thiết kế tuyệt vời và phòng cũng ổn. Tôi thích thiết kế và an ninh ở đây. Tuy nhiên, với cùng mức giá hoặc hơn một chút - với tư cách là khách du lịch, tôi khuyên nên ở trung tâm thành phố vì một vài lý do: …","Xem thêm","Bản dịch của Google","・","Xem bản gốc (Tiếng Anh)","","","Chia sẻ","Thông tin phản hồi từ chủ sở hữu","3 năm trước","Kính gửi bà Mihika Milind Kulkarni,
Cảm ơn bà đã lựa chọn The Bloom Pham Viet Chanh cho kỳ nghỉ của mình. …","","Xem thêm","Bản dịch của Google","・","Xem bản gốc (Tiếng Anh)"
"https://lh3.googleusercontent.com/local-reviews/AJMZ0QeCck1CfANpZm9bBk3PHtP97Kh9k25HZfvq9yAWlN3BaIyjSHUPEfWkhAJmuYiJsH-_6g=w50-h50-p-rp-br100","Trip.com Member","","","2,5/5","một năm trước trên","Trip.com","https://www.gstatic.com/travel-hotels/branding/b8089cb0-34b4-458c-8749-9bc4614baba4.png","Ấn tượng ban đầu, phòng trông khá ổn nhưng khi quan sát kỹ hơn thì thấy không sạch sẽ. Nếu cởi giày ra, bạn sẽ cảm thấy những hạt bụi nhỏ trên sàn. Tôi còn tìm thấy một con bọ nhỏ trên giường và một con cá bạc cỡ trung bình trong bồn rửa …","","Bản dịch của Google","・","Xem bản gốc (Tiếng Anh)","","","","","","","","","","",""
"https://lh3.googleusercontent.com/a-/ALV-UjVqxLJEBj4JWVnEQHfC2d9z61kouYTzP7YiRQyPSRll3j2hrg=w50-h50-p-rp-mo-ba12-br100","REVIEWER","Local Guide · 311 bài đánh giá · 28 ảnh","","3/5","3 tuần trước trên","Google","https://www.gstatic.com/images/branding/product/1x/googleg_48dp.png","Cũng ổn.","","","","","","","Chia sẻ","","","","Thích","","","",""
"https://lh3.googleusercontent.com/a-/ALV-UjVlc5WWn7QF_Twc0FxIaCe5T4WqqY3jkXAJWbyXj22cHcAZ6RVV=w50-h50-p-rp-mo-ba12-br100","Roya Destroyaa","Local Guide · 206 bài đánh giá · 40 ảnh","","3/5","6 tháng trước trên","Google","https://www.gstatic.com/images/branding/product/1x/googleg_48dp.png","Khách sạn không quảng cáo quá mức và trung thực về bản chất của mình; một khách sạn ba sao ổn định, phù hợp cho một hoặc hai đêm. Phòng rộng rãi và sạch sẽ, nhưng nệm giường tầng quá cứng, giống như ngủ trên những tấm bê tông. …","Xem thêm","Bản dịch của Google","・","Xem bản gốc (Tiếng Anh)","","","Chia sẻ","","","","Thích","","","",""
"https://lh3.googleusercontent.com/a-/ALV-UjUc6X9LUZTkj9sFwaoj393GMljl2dKTrpikbr9957YTyK7HfcY=w50-h50-p-rp-mo-ba12-br100","Anch Thukral","Local Guide · 22 bài đánh giá · 1 ảnh","","3/5","2 năm trước trên","Google","https://www.gstatic.com/images/branding/product/1x/googleg_48dp.png","Nhìn chung, trải nghiệm của tôi khá tích cực và nhân viên rất dễ chịu. Tuy nhiên, tôi chỉ cho 3 sao vì thấy họ không cung cấp đủ nước cam cho bữa sáng. Ngay cả khi yêu cầu thêm, ly chỉ được rót đầy một phần tư, chủ yếu là đá. Tôi rất thích uống nước cam mỗi sáng và sẽ đánh giá họ 5 sao nếu họ đảm bảo cung cấp đủ nước cam cho tôi.","Xem thêm","Bản dịch của Google","・","Xem bản gốc (Tiếng Anh)","","","Chia sẻ","Thông tin phản hồi từ chủ sở hữu","2 năm trước","Kính gửi Anch Thurkal,
Cảm ơn quý khách đã lưu trú tại khách sạn và chia sẻ trải nghiệm của mình. …","Thích","Xem thêm","Bản dịch của Google","・","Xem bản gốc (Tiếng Anh)"
"https://lh3.googleusercontent.com/local-reviews/AJMZ0QfnSFWXMd1oJu73a6IhdtgibYcjse2HKQTHeghNQd9Cyw8DYQQJZDCyh-TD68ehXuY-FA=w50-h50-p-rp-br100","Relax03384974085","","","3/5","3 năm trước trên","Tripadvisor","https://www.gstatic.com/travel-hotels/branding/icon_100532569.png","Nhân viên lễ tân và phục vụ bữa sáng rất nhiệt tình và thân thiện. | Thật không may, phòng của chúng tôi không giống như trong ảnh, và có một bức tường chắn trước cửa sổ. Một số bức tường trong phòng bị bẩn. | Tuy nhiên, khách sạn có vị trí tốt.","","Bản dịch của Google","・","Xem bản gốc (Tiếng Đức)","","","","","","","","","","",""
"https://lh3.googleusercontent.com/a/ACg8ocJcGH62lCzKKdvae2QXEdDrHj8glJQHNhbvzryHt7JK8Ebjeg=w50-h50-p-rp-mo-ba12-br100","Cosme T","Local Guide · 45 bài đánh giá · 39 ảnh","","3/5","3 năm trước trên","Google","https://www.gstatic.com/images/branding/product/1x/googleg_48dp.png","Nằm cách trung tâm Thành phố Hồ Chí Minh khoảng 30 phút đi bộ, phòng ở mức trung bình, hơi xuống cấp và không giống với ảnh trên Booking.com. Ban công không thể sử dụng và bị bỏ hoang, còn hồ bơi trên sân thượng không dùng được. Bữa sáng ngon và đầy đủ.","Xem thêm","Bản dịch của Google","・","Xem bản gốc (Tiếng Tây Ban Nha)","","","Chia sẻ","Thông tin phản hồi từ chủ sở hữu","3 năm trước","Kính gửi ông Cosme Tejero,
Cảm ơn ông đã lưu trú tại khách sạn The Bloom và chia sẻ trải nghiệm của mình. …","Thích","Xem thêm","Bản dịch của Google","・","Xem bản gốc (Tiếng Anh)"
"https://lh3.googleusercontent.com/a-/ALV-UjXRSJWJzG9g9yH4b-z2D12BgneD2wjQsLnnvO1g5s1x-BXskelN=w50-h50-p-rp-mo-ba12-br100","Ronny Engler","Local Guide · 128 bài đánh giá · 82 ảnh","","3/5","3 năm trước trên","Google","https://www.gstatic.com/images/branding/product/1x/googleg_48dp.png","Thật tiếc là những ngày tốt đẹp nhất đã qua rồi. Nhân viên rất tốt và nhiệt tình – phòng hơi cũ – bồn tắm nước nóng thì liên tục được “bảo trì” (chúng tôi không thấy ai sửa chữa nó trong suốt bốn ngày). …","Xem thêm","Bản dịch của Google","・","Xem bản gốc (Tiếng Đức)","","","Chia sẻ","","","","Thích","","","",""
"https://lh3.googleusercontent.com/a-/ALV-UjWJM6a9WqGt6z6ZsVdgin_NNBGNk-65YDgnr07iK7VYdthn9DoU=w50-h50-p-rp-mo-ba12-br100","Alex Lebriton","Local Guide · 30 bài đánh giá · 19 ảnh","","3/5","một năm trước trên","Google","https://www.gstatic.com/images/branding/product/1x/googleg_48dp.png","","Xem thêm","","","","","","Chia sẻ","Thông tin phản hồi từ chủ sở hữu","một năm trước","Chào Alex,

Cảm ơn bạn đã dành thời gian chia sẻ phản hồi. Chúng tôi rất vui khi biết bạn …","Thích","Xem thêm","Bản dịch của Google","・","Xem bản gốc (Tiếng Anh)"
"https://lh3.googleusercontent.com/a-/ALV-UjXHQrFgfwVBL_jiecrBSzAGlXygbPXEhiDs3USdphTEhy4HHagV=w50-h50-p-rp-mo-ba12-br100","Thien-loc Vu","Local Guide · 9 bài đánh giá · 3 ảnh","","3/5","3 năm trước trên","Google","https://www.gstatic.com/images/branding/product/1x/googleg_48dp.png","","Xem thêm","","","","","","Chia sẻ","","","","Thích","","","",""
"https://lh3.googleusercontent.com/a-/ALV-UjVTrEJ4Kcdg7-n-VqSU3WCuuJrm_BXT22ajx20pCWMPOxVcYkQ=w50-h50-p-rp-mo-ba12-br100","gin gin","Local Guide · 13 bài đánh giá · 17 ảnh","","3/5","6 năm trước trên","Google","https://www.gstatic.com/images/branding/product/1x/googleg_48dp.png","","","","","","","","","","","","","","","",""
"https://lh3.googleusercontent.com/local-reviews/AJMZ0QeCck1CfANpZm9bBk3PHtP97Kh9k25HZfvq9yAWlN3BaIyjSHUPEfWkhAJmuYiJsH-_6g=w50-h50-p-rp-br100","Trip.com Member","","","3,5/5","7 tháng trước trên","Trip.com","https://www.gstatic.com/travel-hotels/branding/b8089cb0-34b4-458c-8749-9bc4614baba4.png","Phòng khách sạn hơi nhỏ so với giá tiền, và bữa sáng thì hạn chế, chỉ có 1-3 món. Các phòng cũng không cách âm tốt, nên những người làm việc bên ngoài có thể nghe thấy mọi thứ. Tiếng ồn bên ngoài đã khiến tôi không ngủ ngon giấc vào ngày hôm đó.","","Bản dịch của Google","・","Xem bản gốc (Tiếng Anh)","","","","","","","","","","",""
"https://lh3.googleusercontent.com/local-reviews/AJMZ0QeCck1CfANpZm9bBk3PHtP97Kh9k25HZfvq9yAWlN3BaIyjSHUPEfWkhAJmuYiJsH-_6g=w50-h50-p-rp-br100","Trip.com Member","","","3,5/5","2 tháng trước trên","Trip.com","https://www.gstatic.com/travel-hotels/branding/b8089cb0-34b4-458c-8749-9bc4614baba4.png","Giá cả hợp lý. Tuy nhiên, một số phòng không có tầm nhìn. Thật đáng tiếc.","","Bản dịch của Google","・","Xem bản gốc (Tiếng Anh)","","","","","","","","","","",""
"https://lh3.googleusercontent.com/a-/ALV-UjVdQFqlre6b4neMwkKis5JYO9AIoQeJBiAc25bi1TeuP6mlOU-O8A=w50-h50-p-rp-mo-ba12-br100","Janie Lin","Local Guide · 1.290 bài đánh giá · 7.519 ảnh","","4/5","một năm trước trên","Google","https://www.gstatic.com/images/branding/product/1x/googleg_48dp.png","Phòng ốc nhìn chung có hơi nhỏ, giá cả nhìn chung có hơi cao so với chất lượng phòng.
Các bạn nhân viên nhiệt tình và hỗ trợ tốt.","Xem thêm","","","","","","Chia sẻ","Thông tin phản hồi từ chủ sở hữu","một năm trước","Xin chào quý khách .
Chúng tôi vô cùng biết ơn vì những ý kiến đóng góp liên quan tới thời gian nghỉ của quý khách tại The Bloom Pham Viết Chánh . …","","Xem thêm","","",""
"https://lh3.googleusercontent.com/a/ACg8ocLgQsn0Z8dU68lFdA3VRJLlC4Slri71fh_dJDF8DRzlW4OUkQ=w50-h50-p-rp-mo-ba12-br100","Thanh Ung","Local Guide · 296 bài đánh giá · 24 ảnh","","4/5","một năm trước trên","Google","https://www.gstatic.com/images/branding/product/1x/googleg_48dp.png","Nơi đây phù hợp với những người ngoại quốc đi công tác (nước ngoài)vì những tiện nghi và giá cả hợp lý OK","Xem thêm","","","","","","Chia sẻ","","","","Thích","","","",""
"https://lh3.googleusercontent.com/local-reviews/AJMZ0QeCck1CfANpZm9bBk3PHtP97Kh9k25HZfvq9yAWlN3BaIyjSHUPEfWkhAJmuYiJsH-_6g=w50-h50-p-rp-br100","Trip.com Member","","","4/5","một tháng trước trên","Trip.com","https://www.gstatic.com/travel-hotels/branding/b8089cb0-34b4-458c-8749-9bc4614baba4.png","Tôi chọn nơi này chủ yếu vì có thể đậu xe máy ở đây. Ngoài ra, bồn tắm ngâm sâu rất hấp dẫn đối với tôi, vì tôi thích tắm bồn. Thêm nữa, khu vực này là một khu phố Nhật Bản khác ở Thành phố Hồ Chí Minh mà tôi chưa từng đến trước đây, vì vậy …","","Bản dịch của Google","・","Xem bản gốc (Tiếng Trung)","","","","","","","","","","",""
"https://lh3.googleusercontent.com/a/ACg8ocI3V-7lKtbCmhvFUfF65KyG_1fv0uqvqz1tFWzEPOMQFDIMOg=w50-h50-p-rp-mo-br100","Masa Okamura","9 bài đánh giá","","4/5","6 tháng trước trên","Google","https://www.gstatic.com/images/branding/product/1x/googleg_48dp.png","Ý kiến ​​có thể khác nhau tùy thuộc vào phòng, nhưng dù sao đi nữa, ngay cả trong các phòng khách sạn cũng cần cải thiện đáng kể. Bữa sáng, hơn hết, rất đáng thất vọng - quá đơn giản. Những người khác cũng có ý kiến ​​tương tự, nhưng nếu …","Xem thêm","Bản dịch của Google","・","Xem bản gốc (Tiếng Nhật)","","","Chia sẻ","","","","Thích","","","",""
"https://lh3.googleusercontent.com/a-/ALV-UjXGpc1xuty6pOQLP1qNys6OGPST06HIS115GQJKzJSqTKyokw4u=w50-h50-p-rp-mo-ba12-br100","NOZAWA HIROKI (ののの)","Local Guide · 370 bài đánh giá · 6.423 ảnh","","4/5","8 tháng trước trên","Google","https://www.gstatic.com/images/branding/product/1x/googleg_48dp.png","Đây là lần đầu tiên tôi ở tại quận Bình Thạnh. Đây là khu phố Nhật Bản. Xung quanh có rất nhiều nhà hàng Nhật. Có rất nhiều người Nhật. Phòng rộng rãi và bồn tắm lớn, rất tuyệt. Tôi chỉ ở một đêm nên không dùng bếp, nhưng nó được trang bị …","Xem thêm","Bản dịch của Google","・","Xem bản gốc (Tiếng Anh)","","","Chia sẻ","","","","Thích","","","",""